experiment,step,loss,loss_ma25
GT LoRA,10,0.02814700,0.02814700
GT LoRA,20,0.00675100,0.01744900
GT LoRA,30,0.00242800,0.01244200
GT LoRA,40,0.00911300,0.01160975
GT LoRA,50,0.01193700,0.01167520
GT LoRA,60,0.08406900,0.02374083
GT LoRA,70,0.01104700,0.02192743
GT LoRA,80,0.02836400,0.02273200
GT LoRA,90,0.07489200,0.02852756
GT LoRA,100,0.00560300,0.02623510
GT LoRA,110,0.06472000,0.02973373
GT LoRA,120,0.02136700,0.02903650
GT LoRA,130,0.07696300,0.03272315
GT LoRA,140,0.02806300,0.03239029
GT LoRA,150,0.02500000,0.03189760
GT LoRA,160,0.02371700,0.03138631
GT LoRA,170,0.01257100,0.03027953
GT LoRA,180,0.01877900,0.02964061
GT LoRA,190,0.02088900,0.02918000
GT LoRA,200,0.04162200,0.02980210
GT LoRA,210,0.01003800,0.02886095
GT LoRA,220,0.01029100,0.02801686
GT LoRA,230,0.01296000,0.02736222
GT LoRA,240,0.01894500,0.02701150
GT LoRA,250,0.07926300,0.02910156
GT LoRA,260,0.00824100,0.02830532
GT LoRA,270,0.05029700,0.03004716
GT LoRA,280,0.02144400,0.03080780
GT LoRA,290,0.00882200,0.03079616
GT LoRA,300,0.00307500,0.03044168
GT LoRA,310,0.03410500,0.02844312
GT LoRA,320,0.00253700,0.02810272
GT LoRA,330,0.00309800,0.02709208
GT LoRA,340,0.09157400,0.02775936
GT LoRA,350,0.00739900,0.02783120
GT LoRA,360,0.00539500,0.02545820
GT LoRA,370,0.02287100,0.02551836
GT LoRA,380,0.00985900,0.02283420
GT LoRA,390,0.00257300,0.02181460
GT LoRA,400,0.05345400,0.02295276
GT LoRA,410,0.06705100,0.02468612
GT LoRA,420,0.00553800,0.02440480
GT LoRA,430,0.03335500,0.02498784
GT LoRA,440,0.00042500,0.02416928
GT LoRA,450,0.01014100,0.02291004
GT LoRA,460,0.00467400,0.02269548
GT LoRA,470,0.04533900,0.02409740
GT LoRA,480,0.04183500,0.02525240
GT LoRA,490,0.01684300,0.02516832
GT LoRA,500,0.00256100,0.02210024
GT LoRA,510,0.01596100,0.02240904
GT LoRA,520,0.00897500,0.02075616
GT LoRA,530,0.02222400,0.02078736
GT LoRA,540,0.00774700,0.02074436
GT LoRA,550,0.02422000,0.02159016
GT LoRA,560,0.00672900,0.02049512
GT LoRA,570,0.01258600,0.02089708
GT LoRA,580,0.03029200,0.02198484
GT LoRA,590,0.00591600,0.01855852
GT LoRA,600,0.00306700,0.01838524
GT LoRA,610,0.04528900,0.01998100
GT LoRA,620,0.01976300,0.01985668
GT LoRA,630,0.00747200,0.01976120
GT LoRA,640,0.00595300,0.01989640
GT LoRA,650,0.00163200,0.01782352
GT LoRA,660,0.06971000,0.01792988
GT LoRA,670,0.01046000,0.01812676
GT LoRA,680,0.00638200,0.01704784
GT LoRA,690,0.01720100,0.01771888
GT LoRA,700,0.03252300,0.01861416
GT LoRA,710,0.01353500,0.01896860
GT LoRA,720,0.00436500,0.01732964
GT LoRA,730,0.00930000,0.01602824
GT LoRA,740,0.01739200,0.01605020
GT LoRA,750,0.03339300,0.01728348
GT LoRA,760,0.01712600,0.01733008
GT LoRA,770,0.02303000,0.01789228
GT LoRA,780,0.01506800,0.01760604
GT LoRA,790,0.04569700,0.01912404
GT LoRA,800,0.03927300,0.01972616
GT LoRA,810,0.00359500,0.01960080
GT LoRA,820,0.02488500,0.02009276
GT LoRA,830,0.00432500,0.01905408
GT LoRA,840,0.04697500,0.02069644
GT LoRA,850,0.02775900,0.02168412
GT LoRA,860,0.02096800,0.02071128
GT LoRA,870,0.01302000,0.02044156
GT LoRA,880,0.00104700,0.02018456
GT LoRA,890,0.00901200,0.02030692
GT LoRA,900,0.01152500,0.02070264
GT LoRA,910,0.00193400,0.01799160
GT LoRA,920,0.06921000,0.02034160
GT LoRA,930,0.02143100,0.02094356
GT LoRA,940,0.02392200,0.02121240
GT LoRA,950,0.03153600,0.02117292
GT LoRA,960,0.00641300,0.02088804
GT LoRA,970,0.05498300,0.02291276
GT LoRA,980,0.01916800,0.02330748
GT LoRA,990,0.01331000,0.02314420
GT LoRA,1000,0.03346400,0.02314704
GT LoRA,1010,0.05844900,0.02479996
GT LoRA,1020,0.01931700,0.02465144
GT LoRA,1030,0.00738400,0.02434408
GT LoRA,1040,0.01520500,0.02312440
GT LoRA,1050,0.00101200,0.02159396
GT LoRA,1060,0.01010000,0.02185416
GT LoRA,1070,0.05138400,0.02291412
GT LoRA,1080,0.00083200,0.02277440
GT LoRA,1090,0.05060800,0.02291972
GT LoRA,1100,0.00672100,0.02207820
GT LoRA,1110,0.00147700,0.02129856
GT LoRA,1120,0.01702900,0.02145892
GT LoRA,1130,0.01379900,0.02196900
GT LoRA,1140,0.00310200,0.02173260
GT LoRA,1150,0.00138500,0.02132700
GT LoRA,1160,0.00530100,0.02146168
GT LoRA,1170,0.00456900,0.01887604
GT LoRA,1180,0.00274300,0.01812852
GT LoRA,1190,0.01071300,0.01760016
GT LoRA,1200,0.02206000,0.01722112
GT LoRA,1210,0.01871400,0.01771316
GT LoRA,1220,0.08300500,0.01883404
GT LoRA,1230,0.01380500,0.01861952
GT LoRA,1240,0.02863500,0.01923252
GT LoRA,1250,0.03109400,0.01913772
GT LoRA,1260,0.12009300,0.02160348
GT LoRA,1270,0.06465500,0.02341700
GT LoRA,1280,0.00960800,0.02350596
GT LoRA,1290,0.02435900,0.02387212
GT LoRA,1300,0.01215500,0.02431784
GT LoRA,1310,0.01458300,0.02449716
GT LoRA,1320,0.09280600,0.02615404
GT LoRA,1330,0.01176100,0.02659120
GT LoRA,1340,0.00229300,0.02465860
GT LoRA,1350,0.03280500,0.02570196
GT LoRA,1360,0.00401500,0.02580348
GT LoRA,1370,0.06877800,0.02787344
GT LoRA,1380,0.01462800,0.02790660
GT LoRA,1390,0.00611300,0.02802704
GT LoRA,1400,0.01274400,0.02848140
GT LoRA,1410,0.01087500,0.02870436
GT LoRA,1420,0.00363300,0.02866692
GT LoRA,1430,0.03273900,0.02986676
GT LoRA,1440,0.00388100,0.02959348
GT LoRA,1450,0.00216400,0.02879764
GT LoRA,1460,0.01366300,0.02859560
GT LoRA,1470,0.00056900,0.02529816
GT LoRA,1480,0.01071000,0.02517436
GT LoRA,1490,0.00111800,0.02407368
GT LoRA,1500,0.00251500,0.02293052
GT LoRA,1510,0.01556800,0.01874952
GT LoRA,1520,0.01400100,0.01672336
GT LoRA,1530,0.02796800,0.01745776
GT LoRA,1540,0.00979000,0.01687500
GT LoRA,1550,0.01641400,0.01704536
GT LoRA,1560,0.02893900,0.01761960
GT LoRA,1570,0.02636600,0.01496200
GT LoRA,1580,0.00287000,0.01460636
GT LoRA,1590,0.05291500,0.01663124
GT LoRA,1600,0.05129300,0.01737076
GT LoRA,1610,0.00967100,0.01759700
GT LoRA,1620,0.00668000,0.01511308
GT LoRA,1630,0.01266200,0.01503444
GT LoRA,1640,0.00170000,0.01485792
GT LoRA,1650,0.02560400,0.01537232
GT LoRA,1660,0.02550900,0.01595768
GT LoRA,1670,0.06808400,0.01853572
GT LoRA,1680,0.00649200,0.01748584
GT LoRA,1690,0.00332100,0.01746344
GT LoRA,1700,0.00972000,0.01776568
GT LoRA,1710,0.01593000,0.01785636
GT LoRA,1720,0.00201400,0.01791416
GT LoRA,1730,0.12559700,0.02250964
GT LoRA,1740,0.00514900,0.02267088
GT LoRA,1750,0.00577500,0.02280128
GT LoRA,1760,0.00249100,0.02227820
GT LoRA,1770,0.00310900,0.02184252
GT LoRA,1780,0.00774700,0.02103368
GT LoRA,1790,0.01706300,0.02132460
GT LoRA,1800,0.04982300,0.02266096
GT LoRA,1810,0.02310300,0.02242752
GT LoRA,1820,0.02577000,0.02240368
GT LoRA,1830,0.00202300,0.02236980
GT LoRA,1840,0.00120000,0.02030120
GT LoRA,1850,0.01167300,0.01871640
GT LoRA,1860,0.06846500,0.02106816
GT LoRA,1870,0.01389400,0.02135672
GT LoRA,1880,0.05361700,0.02299492
GT LoRA,1890,0.01912900,0.02369208
GT LoRA,1900,0.00039500,0.02268372
GT LoRA,1910,0.01293800,0.02218088
GT LoRA,1920,0.04409700,0.02122140
GT LoRA,1930,0.00493800,0.02115924
GT LoRA,1940,0.08156100,0.02428884
GT LoRA,1950,0.02439700,0.02487592
GT LoRA,1960,0.02160000,0.02510272
GT LoRA,1970,0.00622400,0.02527112
GT LoRA,1980,0.00736900,0.02054200
GT LoRA,1990,0.00411400,0.02050060
GT LoRA,2000,0.07311700,0.02319428
GT LoRA,2010,0.07202300,0.02597556
GT LoRA,2020,0.01303900,0.02637276
GT LoRA,2030,0.01264600,0.02656872
GT LoRA,2040,0.00528100,0.02609744
GT LoRA,2050,0.00319500,0.02423232
GT LoRA,2060,0.01006400,0.02371076
GT LoRA,2070,0.06338300,0.02521528
GT LoRA,2080,0.02122400,0.02598332
GT LoRA,2090,0.00687300,0.02621024
GT LoRA,2100,0.01064300,0.02616904
GT LoRA,2110,0.03108600,0.02467388
GT LoRA,2120,0.01934400,0.02489188
GT LoRA,2130,0.00000000,0.02274720
GT LoRA,2140,0.03258200,0.02328532
GT LoRA,2150,0.01936700,0.02404420
GT LoRA,2160,0.04667900,0.02539384
GT LoRA,2170,0.01164400,0.02409572
GT LoRA,2180,0.00381700,0.02405088
GT LoRA,2190,0.01621800,0.02143716
GT LoRA,2200,0.00259200,0.02056496
GT LoRA,2210,0.01596000,0.02033936
GT LoRA,2220,0.01055100,0.02051244
GT LoRA,2230,0.03436100,0.02159212
GT LoRA,2240,0.02508100,0.02243080
GT LoRA,2250,0.03348500,0.02084552
GT LoRA,2260,0.03900400,0.01952476
GT LoRA,2270,0.01215000,0.01948920
GT LoRA,2280,0.00517400,0.01919032
GT LoRA,2290,0.00280700,0.01909136
GT LoRA,2300,0.04366800,0.02071028
GT LoRA,2310,0.00333900,0.02044128
GT LoRA,2320,0.00917500,0.01827296
GT LoRA,2330,0.00851800,0.01776472
GT LoRA,2340,0.00752900,0.01779096
GT LoRA,2350,0.05510400,0.01956940
GT LoRA,2360,0.02064000,0.01915156
GT LoRA,2370,0.00642500,0.01863480
GT LoRA,2380,0.02691900,0.01971156
GT LoRA,2390,0.00198200,0.01848756
GT LoRA,2400,0.00079100,0.01774452
GT LoRA,2410,0.00518000,0.01608456
GT LoRA,2420,0.08861400,0.01916336
GT LoRA,2430,0.00492300,0.01920760
GT LoRA,2440,0.00172100,0.01862772
GT LoRA,2450,0.02236800,0.01941876
GT LoRA,2460,0.03972200,0.02036924
GT LoRA,2470,0.00850100,0.02028724
GT LoRA,2480,0.05393400,0.02107016
GT LoRA,2490,0.00204600,0.02014876
GT LoRA,2500,0.00329000,0.01894096
GT LoRA,2510,0.01732000,0.01807360
GT LoRA,2520,0.02928000,0.01875880
GT LoRA,2530,0.01635500,0.01920604
GT LoRA,2540,0.02087100,0.01992860
GT LoRA,2550,0.00317500,0.01830888
GT LoRA,2560,0.01453800,0.01875684
GT LoRA,2570,0.02429900,0.01936180
GT LoRA,2580,0.01590800,0.01965740
GT LoRA,2590,0.06518000,0.02196344
GT LoRA,2600,0.04700400,0.02163944
GT LoRA,2610,0.01181700,0.02128652
GT LoRA,2620,0.03340500,0.02236572
GT LoRA,2630,0.01395600,0.02184720
GT LoRA,2640,0.00305400,0.02189008
GT LoRA,2650,0.00163800,0.02192396
GT LoRA,2660,0.00064000,0.02174236
GT LoRA,2670,0.04186900,0.01987256
GT LoRA,2680,0.01277400,0.02018660
GT LoRA,2690,0.04316000,0.02184416
GT LoRA,2700,0.04274100,0.02265908
GT LoRA,2710,0.00112000,0.02111500
GT LoRA,2720,0.01352500,0.02131596
GT LoRA,2730,0.00526000,0.01936900
GT LoRA,2740,0.00025600,0.01929740
GT LoRA,2750,0.02493700,0.02016328
GT LoRA,2760,0.00694600,0.01974832
GT LoRA,2770,0.00365800,0.01872344
GT LoRA,2780,0.00713600,0.01835468
GT LoRA,2790,0.04152400,0.01918080
GT LoRA,2800,0.01233300,0.01954712
GT LoRA,2810,0.00823000,0.01929480
GT LoRA,2820,0.01340100,0.01885888
GT LoRA,2830,0.00342400,0.01835952
GT LoRA,2840,0.01582300,0.01638524
GT LoRA,2850,0.01875600,0.01525532
GT LoRA,2860,0.00238800,0.01487816
GT LoRA,2870,0.07108500,0.01638536
GT LoRA,2880,0.00484200,0.01602080
GT LoRA,2890,0.01359900,0.01644260
GT LoRA,2900,0.07875600,0.01952732
GT LoRA,2910,0.01188600,0.01997716
GT LoRA,2920,0.04180300,0.01997452
GT LoRA,2930,0.00024200,0.01947324
GT LoRA,2940,0.00756300,0.01804936
GT LoRA,2950,0.00329100,0.01647136
GT LoRA,2960,0.00333100,0.01655980
GT LoRA,2970,0.06433900,0.01859236
GT LoRA,2980,0.02837300,0.01951688
GT LoRA,2990,0.02379600,0.02045848
GT LoRA,3000,0.01245100,0.01995904
GT LoRA,3010,0.00461100,0.01986564
GT LoRA,3020,0.00640500,0.01997552
GT LoRA,3030,0.01265800,0.02019640
GT LoRA,3040,0.02695400,0.01961360
GT LoRA,3050,0.06834400,0.02185404
GT LoRA,3060,0.04128200,0.02317612
GT LoRA,3070,0.00496800,0.02283880
GT LoRA,3080,0.01145600,0.02316008
GT LoRA,3090,0.00902700,0.02288824
GT LoRA,3100,0.03694400,0.02361576
GT LoRA,3110,0.00169900,0.02358820
GT LoRA,3120,0.11609900,0.02538876
GT LoRA,3130,0.00384300,0.02534880
GT LoRA,3140,0.00000000,0.02480484
GT LoRA,3150,0.01524300,0.02226432
GT LoRA,3160,0.01700500,0.02246908
GT LoRA,3170,0.05037900,0.02281212
GT LoRA,3180,0.01717900,0.02348960
GT LoRA,3190,0.00793900,0.02350464
GT LoRA,3200,0.00862900,0.02371816
GT LoRA,3210,0.08109400,0.02682868
GT LoRA,3220,0.03869200,0.02580280
GT LoRA,3230,0.01035200,0.02508196
GT LoRA,3240,0.00315200,0.02425620
GT LoRA,3250,0.00677400,0.02402912
GT LoRA,3260,0.00802400,0.02416564
GT LoRA,3270,0.02876800,0.02506016
GT LoRA,3280,0.00143900,0.02461140
GT LoRA,3290,0.00601100,0.02377368
GT LoRA,3300,0.03061900,0.02226468
GT LoRA,3310,0.01002200,0.02101428
GT LoRA,3320,0.03284500,0.02212936
GT LoRA,3330,0.03159400,0.02293488
GT LoRA,3340,0.01107300,0.02301672
GT LoRA,3350,0.00900000,0.02189896
GT LoRA,3360,0.03113400,0.02307636
GT LoRA,3370,0.00281900,0.01854516
GT LoRA,3380,0.00872500,0.01874044
GT LoRA,3390,0.01748600,0.01943988
GT LoRA,3400,0.01088200,0.01926544
GT LoRA,3410,0.02371500,0.01953384
GT LoRA,3420,0.04324500,0.01924848
GT LoRA,3430,0.01519200,0.01916900
GT LoRA,3440,0.10899200,0.02321112
GT LoRA,3450,0.02089300,0.02370168
GT LoRA,3460,0.03561400,0.02188248
GT LoRA,3470,0.00220500,0.02042300
GT LoRA,3480,0.03941200,0.02158540
GT LoRA,3490,0.00027700,0.02147040
GT LoRA,3500,0.03117500,0.02244644
GT LoRA,3510,0.02370400,0.02307364
GT LoRA,3520,0.01669100,0.02259056
GT LoRA,3530,0.00656900,0.02279576
GT LoRA,3540,0.00374000,0.02270492
GT LoRA,3550,0.06045000,0.02389816
GT LoRA,3560,0.03132300,0.02475020
GT LoRA,3570,0.02817000,0.02456320
GT LoRA,3580,0.03163100,0.02456468
GT LoRA,3590,0.02592400,0.02515872
GT LoRA,3600,0.00359200,0.02494240
GT LoRA,3610,0.10930100,0.02806908
GT LoRA,3620,0.00411200,0.02812080
GT LoRA,3630,0.05936300,0.03014632
GT LoRA,3640,0.02079400,0.03027864
GT LoRA,3650,0.01098800,0.03028288
GT LoRA,3660,0.01746700,0.03003296
GT LoRA,3670,0.00378100,0.02845440
GT LoRA,3680,0.00017800,0.02785384
GT LoRA,3690,0.02660200,0.02455824
GT LoRA,3700,0.02230100,0.02461456
GT LoRA,3710,0.00059300,0.02321372
GT LoRA,3720,0.02130500,0.02397772
GT LoRA,3730,0.00424800,0.02257116
GT LoRA,3740,0.00832600,0.02289312
GT LoRA,3750,0.00716400,0.02193268
GT LoRA,3760,0.03844700,0.02252240
GT LoRA,3770,0.05683200,0.02412804
GT LoRA,3780,0.02417100,0.02483212
GT LoRA,3790,0.01255900,0.02518488
GT LoRA,3800,0.00439900,0.02294284
GT LoRA,3810,0.01151900,0.02215068
GT LoRA,3820,0.03176200,0.02229436
GT LoRA,3830,0.05324500,0.02315892
GT LoRA,3840,0.08317000,0.02544876
GT LoRA,3850,0.02565700,0.02633136
GT LoRA,3860,0.00065800,0.02198564
GT LoRA,3870,0.04117700,0.02346824
GT LoRA,3880,0.01869600,0.02184156
GT LoRA,3890,0.01092500,0.02144680
GT LoRA,3900,0.01725100,0.02169732
GT LoRA,3910,0.01202400,0.02147960
GT LoRA,3920,0.01567400,0.02195532
GT LoRA,3930,0.02228100,0.02283944
GT LoRA,3940,0.00542100,0.02199220
GT LoRA,3950,0.00572700,0.02132924
GT LoRA,3960,0.03244200,0.02260320
GT LoRA,3970,0.00091800,0.02178772
GT LoRA,3980,0.00120000,0.02166580
GT LoRA,3990,0.01830400,0.02206492
GT LoRA,4000,0.01119200,0.02222604
GT LoRA,4010,0.04682800,0.02256128
GT LoRA,4020,0.01704800,0.02096992
GT LoRA,4030,0.02357100,0.02094592
GT LoRA,4040,0.00528700,0.02065504
GT LoRA,4050,0.00090700,0.02051536
GT LoRA,4060,0.02026700,0.02086528
GT LoRA,4070,0.02017800,0.02040192
GT LoRA,4080,0.02789600,0.01938796
GT LoRA,4090,0.01920200,0.01682924
GT LoRA,4100,0.09458600,0.01958640
GT LoRA,4110,0.03042400,0.02077704
GT LoRA,4120,0.04639400,0.02098572
GT LoRA,4130,0.00369200,0.02038556
GT LoRA,4140,0.03048700,0.02116804
GT LoRA,4150,0.00941600,0.02085464
GT LoRA,4160,0.02703400,0.02145504
GT LoRA,4170,0.00221600,0.02091672
GT LoRA,4180,0.00796300,0.02034400
GT LoRA,4190,0.00885800,0.02048148
GT LoRA,4200,0.00992800,0.02064952
GT LoRA,4210,0.07585500,0.02238604
GT LoRA,4220,0.00917800,0.02271644
GT LoRA,4230,0.01196800,0.02314716
GT LoRA,4240,0.01544700,0.02303288
GT LoRA,4250,0.00688000,0.02286040
GT LoRA,4260,0.00021500,0.02099588
GT LoRA,4270,0.01062600,0.02073900
GT LoRA,4280,0.03666600,0.02126280
GT LoRA,4290,0.02628800,0.02210284
GT LoRA,4300,0.02311300,0.02299108
GT LoRA,4310,0.04575900,0.02401076
GT LoRA,4320,0.04056200,0.02482612
GT LoRA,4330,0.02713500,0.02479568
GT LoRA,4340,0.02794400,0.02514536
GT LoRA,4350,0.00971800,0.02175064
GT LoRA,4360,0.00558100,0.02075692
GT LoRA,4370,0.00000000,0.01890116
GT LoRA,4380,0.00655300,0.01901560
GT LoRA,4390,0.04849800,0.01973604
GT LoRA,4400,0.00784100,0.01967304
GT LoRA,4410,0.04983600,0.02058512
GT LoRA,4420,0.01160300,0.02096060
GT LoRA,4430,0.03775500,0.02215228
GT LoRA,4440,0.00544800,0.02201588
GT LoRA,4450,0.03726000,0.02310916
GT LoRA,4460,0.00368500,0.02022236
GT LoRA,4470,0.00823500,0.02018464
GT LoRA,4480,0.05816500,0.02203252
GT LoRA,4490,0.01012400,0.02181960
GT LoRA,4500,0.00235100,0.02163844
GT LoRA,4510,0.02342400,0.02256680
GT LoRA,4520,0.02349200,0.02308144
GT LoRA,4530,0.00833900,0.02194836
GT LoRA,4540,0.02565800,0.02192316
GT LoRA,4550,0.03360200,0.02234272
GT LoRA,4560,0.02142800,0.02136948
GT LoRA,4570,0.07029700,0.02255888
GT LoRA,4580,0.06120100,0.02392152
GT LoRA,4590,0.00392900,0.02296092
GT LoRA,4600,0.00352500,0.02271320
GT LoRA,4610,0.02376800,0.02344068
GT LoRA,4620,0.01086300,0.02387520
GT LoRA,4630,0.07816700,0.02673976
GT LoRA,4640,0.05831500,0.02713244
GT LoRA,4650,0.07683100,0.02989204
GT LoRA,4660,0.01689600,0.02857444
GT LoRA,4670,0.02970400,0.02929848
GT LoRA,4680,0.02482900,0.02878144
GT LoRA,4690,0.00973900,0.02895308
GT LoRA,4700,0.01089000,0.02789828
GT LoRA,4710,0.03244000,0.02904848
GT LoRA,4720,0.06961800,0.03150380
GT LoRA,4730,0.00858000,0.02952040
GT LoRA,4740,0.00712800,0.02940056
GT LoRA,4750,0.02969900,0.03049448
GT LoRA,4760,0.01947300,0.03033644
GT LoRA,4770,0.00081800,0.02942948
GT LoRA,4780,0.00264000,0.02920152
GT LoRA,4790,0.02538100,0.02919044
GT LoRA,4800,0.00441900,0.02802312
GT LoRA,4810,0.01017400,0.02757296
GT LoRA,4820,0.02428200,0.02573236
GT LoRA,4830,0.02257500,0.02418732
GT LoRA,4840,0.00570600,0.02425840
GT LoRA,4850,0.07307700,0.02704048
GT LoRA,4860,0.00586500,0.02632436
GT LoRA,4870,0.00779100,0.02620148
GT LoRA,4880,0.02071400,0.02390336
GT LoRA,4890,0.01299400,0.02209052
GT LoRA,4900,0.00067400,0.01904424
GT LoRA,4910,0.01558100,0.01899164
GT LoRA,4920,0.00447200,0.01798236
GT LoRA,4930,0.00928400,0.01736056
GT LoRA,4940,0.00807300,0.01729392
GT LoRA,4950,0.00939100,0.01723396
GT LoRA,4960,0.00624400,0.01618612
GT LoRA,4970,0.10330700,0.01753368
GT LoRA,4980,0.03640000,0.01864648
GT LoRA,4990,0.00867500,0.01870836
GT LoRA,5000,0.00902300,0.01788132
GT LoRA,5010,0.00128400,0.01715376
GT LoRA,5020,0.00423200,0.01729032
GT LoRA,5030,0.01910100,0.01794876
GT LoRA,5040,0.01816100,0.01765996
GT LoRA,5050,0.01254200,0.01798488
GT LoRA,5060,0.00125400,0.01762808
GT LoRA,5070,0.01665200,0.01732288
GT LoRA,5080,0.03936900,0.01799464
GT LoRA,5090,0.03483100,0.01915964
GT LoRA,5100,0.03957000,0.01781936
GT LoRA,5110,0.04216800,0.01927148
GT LoRA,5120,0.01067100,0.01938668
GT LoRA,5130,0.00902100,0.01891896
GT LoRA,5140,0.01709200,0.01908288
GT LoRA,5150,0.00119200,0.01910360
GT LoRA,5160,0.02188000,0.01935556
GT LoRA,5170,0.01912300,0.01994160
GT LoRA,5180,0.00421300,0.01973876
GT LoRA,5190,0.03768100,0.02092308
GT LoRA,5200,0.01130900,0.02099980
GT LoRA,5210,0.08511000,0.02415444
GT LoRA,5220,0.00288700,0.02013764
GT LoRA,5230,0.03394500,0.02003944
GT LoRA,5240,0.00865700,0.02003872
GT LoRA,5250,0.07205000,0.02255980
GT LoRA,5260,0.01823500,0.02323784
GT LoRA,5270,0.00194900,0.02314652
GT LoRA,5280,0.01602500,0.02302348
GT LoRA,5290,0.07159200,0.02516072
GT LoRA,5300,0.00731300,0.02495156
GT LoRA,5310,0.00114400,0.02494716
GT LoRA,5320,0.00265200,0.02438716
GT LoRA,5330,0.00283900,0.02292596
GT LoRA,5340,0.03583000,0.02296592
GT LoRA,5350,0.01028800,0.02179464
GT LoRA,5360,0.01713600,0.02079336
GT LoRA,5370,0.00633100,0.02061976
GT LoRA,5380,0.02539000,0.02127452
GT LoRA,5390,0.04901300,0.02255136
GT LoRA,5400,0.00761100,0.02280812
GT LoRA,5410,0.03283700,0.02324640
GT LoRA,5420,0.00105800,0.02252380
GT LoRA,5430,0.01457600,0.02293832
GT LoRA,5440,0.00401000,0.02159148
GT LoRA,5450,0.01583800,0.02177264
GT LoRA,5460,0.00794700,0.01868612
GT LoRA,5470,0.00816400,0.01889720
GT LoRA,5480,0.00186800,0.01761412
GT LoRA,5490,0.07246600,0.02016648
GT LoRA,5500,0.01476400,0.01787504
GT LoRA,5510,0.00043300,0.01716296
GT LoRA,5520,0.00302900,0.01720616
GT LoRA,5530,0.01464500,0.01715096
GT LoRA,5540,0.05428700,0.01645876
GT LoRA,5550,0.05147200,0.01822512
GT LoRA,5560,0.01564800,0.01880528
GT LoRA,5570,0.01597100,0.01933804
GT LoRA,5580,0.00179400,0.01929624
GT LoRA,5590,0.01229000,0.01835464
GT LoRA,5600,0.04845700,0.01988140
GT LoRA,5610,0.00081400,0.01922852
GT LoRA,5620,0.00488500,0.01917068
GT LoRA,5630,0.01056100,0.01857752
GT LoRA,5640,0.00080100,0.01664904
GT LoRA,5650,0.02086000,0.01717900
GT LoRA,5660,0.05690200,0.01814160
GT LoRA,5670,0.06955100,0.02088132
GT LoRA,5680,0.03897800,0.02185740
GT LoRA,5690,0.00308200,0.02182028
GT LoRA,5700,0.01134900,0.02164072
GT LoRA,5710,0.01444500,0.02190064
GT LoRA,5720,0.04424200,0.02334376
GT LoRA,5730,0.05053400,0.02529040
GT LoRA,5740,0.01247400,0.02289072
GT LoRA,5750,0.01848600,0.02303960
GT LoRA,5760,0.07181000,0.02589468
GT LoRA,5770,0.01485900,0.02636788
GT LoRA,5780,0.06931300,0.02855460
GT LoRA,5790,0.04190300,0.02805924
GT LoRA,5800,0.04012700,0.02760544
GT LoRA,5810,0.03424700,0.02834940
GT LoRA,5820,0.01544900,0.02832852
GT LoRA,5830,0.01035100,0.02867080
GT LoRA,5840,0.00485100,0.02837324
GT LoRA,5850,0.00252300,0.02653588
GT LoRA,5860,0.02199500,0.02738312
GT LoRA,5870,0.02261600,0.02809236
GT LoRA,5880,0.05984700,0.03006380
GT LoRA,5890,0.00596200,0.03027024
GT LoRA,5900,0.03031500,0.03064844
GT LoRA,5910,0.04148300,0.03003168
GT LoRA,5920,0.01271200,0.02775812
GT LoRA,5930,0.01449200,0.02677868
GT LoRA,5940,0.04415200,0.02842148
GT LoRA,5950,0.00354900,0.02810948
GT LoRA,5960,0.07134200,0.03038536
GT LoRA,5970,0.00054600,0.02863752
GT LoRA,5980,0.00449500,0.02679596
GT LoRA,5990,0.00038800,0.02631252
GT LoRA,6000,0.05209800,0.02765700
GT LoRA,6010,0.03219500,0.02607240
GT LoRA,6020,0.00688800,0.02575356
GT LoRA,6030,0.02632700,0.02403412
GT LoRA,6040,0.01784700,0.02307188
GT LoRA,6050,0.00900700,0.02182708
GT LoRA,6060,0.02715300,0.02154332
GT LoRA,6070,0.00165300,0.02099148
GT LoRA,6080,0.00000000,0.02057744
GT LoRA,6090,0.00162500,0.02044840
GT LoRA,6100,0.02528700,0.02135896
GT LoRA,6110,0.01207700,0.02096224
GT LoRA,6120,0.00065000,0.02008360
GT LoRA,6130,0.02044600,0.01850756
GT LoRA,6140,0.00239300,0.01836480
GT LoRA,6150,0.00428600,0.01732364
GT LoRA,6160,0.02044100,0.01648196
GT LoRA,6170,0.05040700,0.01798976
GT LoRA,6180,0.02014600,0.01821592
GT LoRA,6190,0.01446400,0.01702840
GT LoRA,6200,0.00122400,0.01693540
GT LoRA,6210,0.01528500,0.01469312
GT LoRA,6220,0.02325500,0.01560148
GT LoRA,6230,0.00487700,0.01561676
GT LoRA,6240,0.00427700,0.01577232
GT LoRA,6250,0.00171300,0.01375692
GT LoRA,6260,0.01244900,0.01296708
GT LoRA,6270,0.00576900,0.01292232
GT LoRA,6280,0.00425200,0.01203932
GT LoRA,6290,0.04182300,0.01299836
GT LoRA,6300,0.00749000,0.01293768
GT LoRA,6310,0.00467400,0.01203852
GT LoRA,6320,0.02275000,0.01288240
GT LoRA,6330,0.00774500,0.01319220
GT LoRA,6340,0.07098600,0.01596664
GT LoRA,6350,0.04581500,0.01678776
GT LoRA,6360,0.07773300,0.01941400
GT LoRA,6370,0.01944900,0.02016596
GT LoRA,6380,0.00154900,0.01941008
GT LoRA,6390,0.01668500,0.01998176
GT LoRA,6400,0.00088900,0.01984588
GT LoRA,6410,0.07413000,0.02199344
GT LoRA,6420,0.01375900,0.02052752
GT LoRA,6430,0.00747500,0.02002068
GT LoRA,6440,0.00396700,0.01960080
GT LoRA,6450,0.03043100,0.02076908
GT LoRA,6460,0.00095900,0.02019604
GT LoRA,6470,0.00198300,0.01934516
GT LoRA,6480,0.08140000,0.02240608
GT LoRA,6490,0.04984700,0.02422888
GT LoRA,6500,0.00151600,0.02422100
GT LoRA,6510,0.00860800,0.02406736
GT LoRA,6520,0.00972700,0.02422568
GT LoRA,6530,0.02428400,0.02502696
GT LoRA,6540,0.01487200,0.02394892
GT LoRA,6550,0.08192500,0.02692632
GT LoRA,6560,0.00690100,0.02701540
GT LoRA,6570,0.00461800,0.02629012
GT LoRA,6580,0.03836300,0.02751484
GT LoRA,6590,0.00128200,0.02472668
GT LoRA,6600,0.00057500,0.02291708
GT LoRA,6610,0.00166700,0.01987444
GT LoRA,6620,0.01795500,0.01981468
GT LoRA,6630,0.01790200,0.02046880
GT LoRA,6640,0.00634200,0.02005508
GT LoRA,6650,0.02685800,0.02109384
GT LoRA,6660,0.00463600,0.01831408
GT LoRA,6670,0.00364300,0.01790944
GT LoRA,6680,0.01438600,0.01818588
GT LoRA,6690,0.03597500,0.01946620
GT LoRA,6700,0.01580900,0.01888132
GT LoRA,6710,0.04498300,0.02064228
GT LoRA,6720,0.08288800,0.02387848
GT LoRA,6730,0.00183300,0.02069580
GT LoRA,6740,0.00903600,0.01906336
GT LoRA,6750,0.00058200,0.01902600
GT LoRA,6760,0.00085700,0.01871596
GT LoRA,6770,0.00753800,0.01862840
GT LoRA,6780,0.00141800,0.01771376
GT LoRA,6790,0.00000000,0.01711888
GT LoRA,6800,0.01598200,0.01448116
GT LoRA,6810,0.00039300,0.01422084
GT LoRA,6820,0.00594200,0.01427380
GT LoRA,6830,0.03534900,0.01415324
GT LoRA,6840,0.00323600,0.01423140
GT LoRA,6850,0.01630300,0.01486052
GT LoRA,6860,0.00142600,0.01485088
GT LoRA,6870,0.02082600,0.01496572
GT LoRA,6880,0.02730700,0.01534192
GT LoRA,6890,0.01155100,0.01555028
GT LoRA,6900,0.02218000,0.01536316
GT LoRA,6910,0.03699000,0.01665732
GT LoRA,6920,0.00491600,0.01670824
GT LoRA,6930,0.01066100,0.01655924
GT LoRA,6940,0.01218000,0.01560744
GT LoRA,6950,0.08794000,0.01849268
GT LoRA,6960,0.09740700,0.02058964
GT LoRA,6970,0.01526300,0.01788464
GT LoRA,6980,0.03129600,0.01906316
GT LoRA,6990,0.02567100,0.01972856
GT LoRA,7000,0.00200000,0.01978528
GT LoRA,7010,0.02602300,0.02079192
GT LoRA,7020,0.02331600,0.02142304
GT LoRA,7030,0.01838100,0.02210156
GT LoRA,7040,0.01614200,0.02274724
GT LoRA,7050,0.00049700,0.02212784
GT LoRA,7060,0.00053600,0.02213356
GT LoRA,7070,0.02152500,0.02275688
GT LoRA,7080,0.02887700,0.02249800
GT LoRA,7090,0.01204900,0.02285052
GT LoRA,7100,0.00809100,0.02252204
GT LoRA,7110,0.05595800,0.02470332
GT LoRA,7120,0.00552600,0.02409132
GT LoRA,7130,0.01968000,0.02378624
GT LoRA,7140,0.00942500,0.02370120
GT LoRA,7150,0.04221700,0.02450268
GT LoRA,7160,0.07754200,0.02612476
GT LoRA,7170,0.00104900,0.02597008
GT LoRA,7180,0.00913900,0.02590920
GT LoRA,7190,0.01963800,0.02620752
GT LoRA,7200,0.00310100,0.02281396
GT LoRA,7210,0.01723900,0.01960724
GT LoRA,7220,0.00811800,0.01932144
GT LoRA,7230,0.01474000,0.01865920
GT LoRA,7240,0.01819700,0.01836024
GT LoRA,7250,0.02123500,0.01912964
GT LoRA,7260,0.02218100,0.01897596
GT LoRA,7270,0.00442500,0.01822032
GT LoRA,7280,0.00816600,0.01781172
GT LoRA,7290,0.01021000,0.01757444
GT LoRA,7300,0.01158000,0.01801776
GT LoRA,7310,0.01819200,0.01872400
GT LoRA,7320,0.00458800,0.01804652
GT LoRA,7330,0.00370300,0.01703956
GT LoRA,7340,0.00287300,0.01667252
GT LoRA,7350,0.03262000,0.01765368
GT LoRA,7360,0.07092100,0.01825220
GT LoRA,7370,0.00839600,0.01836700
GT LoRA,7380,0.00362300,0.01772472
GT LoRA,7390,0.07916200,0.02051420
GT LoRA,7400,0.00213000,0.01891072
GT LoRA,7410,0.00204800,0.01589096
GT LoRA,7420,0.01504300,0.01645072
GT LoRA,7430,0.00211800,0.01616988
GT LoRA,7440,0.01415100,0.01595040
GT LoRA,7450,0.01109900,0.01627032
GT LoRA,7460,0.04990800,0.01757708
GT LoRA,7470,0.00545800,0.01747068
GT LoRA,7480,0.00556200,0.01710356
GT LoRA,7490,0.00597700,0.01661476
GT LoRA,7500,0.03207700,0.01704844
GT LoRA,7510,0.00072500,0.01619020
GT LoRA,7520,0.06747800,0.01871232
GT LoRA,7530,0.02921000,0.01955408
GT LoRA,7540,0.00701900,0.01942644
GT LoRA,7550,0.01696600,0.01964188
GT LoRA,7560,0.01431600,0.01948684
GT LoRA,7570,0.03992300,0.02090024
GT LoRA,7580,0.00688200,0.02102740
GT LoRA,7590,0.04877300,0.02286340
GT LoRA,7600,0.00889500,0.02191440
GT LoRA,7610,0.03723200,0.02056684
GT LoRA,7620,0.04871900,0.02217976
GT LoRA,7630,0.02988100,0.02323008
GT LoRA,7640,0.02381700,0.02101628
GT LoRA,7650,0.07090900,0.02376744
GT LoRA,7660,0.00131700,0.02373820
GT LoRA,7670,0.00245900,0.02323484
GT LoRA,7680,0.00039400,0.02316588
GT LoRA,7690,0.00386900,0.02275460
GT LoRA,7700,0.00948500,0.02269004
GT LoRA,7710,0.06566500,0.02332032
GT LoRA,7720,0.03365600,0.02444824
GT LoRA,7730,0.00137500,0.02428076
GT LoRA,7740,0.00530900,0.02425404
GT LoRA,7750,0.00235300,0.02306508
GT LoRA,7760,0.00275300,0.02314620
GT LoRA,7770,0.01420700,0.02101536
GT LoRA,7780,0.04375700,0.02159724
GT LoRA,7790,0.00283200,0.02142976
GT LoRA,7800,0.00778700,0.02106260
GT LoRA,7810,0.05338300,0.02262528
GT LoRA,7820,0.01156400,0.02149092
GT LoRA,7830,0.03004300,0.02241736
GT LoRA,7840,0.02065400,0.02129260
GT LoRA,7850,0.01480900,0.02152916
GT LoRA,7860,0.01943700,0.02081736
GT LoRA,7870,0.03787100,0.02038344
GT LoRA,7880,0.00455000,0.01937020
GT LoRA,7890,0.04960800,0.02040184
GT LoRA,7900,0.02988500,0.01876088
GT LoRA,7910,0.00070600,0.01873644
GT LoRA,7920,0.00679000,0.01890968
GT LoRA,7930,0.00520000,0.01910192
GT LoRA,7940,0.00146200,0.01900564
GT LoRA,7950,0.01657600,0.01928928
GT LoRA,7960,0.00100900,0.01670304
GT LoRA,7970,0.01112800,0.01580192
GT LoRA,7980,0.00429500,0.01591872
GT LoRA,7990,0.00798200,0.01602564
GT LoRA,8000,0.00977800,0.01632264
GT LoRA,8010,0.03199800,0.01749244
GT LoRA,8020,0.05242900,0.01902132
GT LoRA,8030,0.01190600,0.01774728
GT LoRA,8040,0.02567900,0.01866116
GT LoRA,8050,0.01613900,0.01899524
GT LoRA,8060,0.00016800,0.01686664
GT LoRA,8070,0.04159200,0.01806776
GT LoRA,8080,0.03180400,0.01813820
GT LoRA,8090,0.00516100,0.01751848
GT LoRA,8100,0.00275100,0.01703616
GT LoRA,8110,0.04601900,0.01809944
GT LoRA,8120,0.00552400,0.01680556
GT LoRA,8130,0.00170400,0.01669172
GT LoRA,8140,0.01297900,0.01522656
GT LoRA,8150,0.00000000,0.01403116
GT LoRA,8160,0.00387200,0.01415780
GT LoRA,8170,0.00885900,0.01424056
GT LoRA,8180,0.02086400,0.01486712
GT LoRA,8190,0.00409200,0.01497232
GT LoRA,8200,0.00438600,0.01448472
GT LoRA,8210,0.00517300,0.01465128
GT LoRA,8220,0.04895000,0.01616416
GT LoRA,8230,0.00233500,0.01608576
GT LoRA,8240,0.04168700,0.01743396
GT LoRA,8250,0.04433400,0.01881620
GT LoRA,8260,0.00856400,0.01787884
GT LoRA,8270,0.02006800,0.01658440
GT LoRA,8280,0.02751500,0.01720876
GT LoRA,8290,0.03274400,0.01749136
GT LoRA,8300,0.02033000,0.01765900
GT LoRA,8310,0.01322000,0.01818108
GT LoRA,8320,0.02388800,0.01747292
GT LoRA,8330,0.06475700,0.01879104
GT LoRA,8340,0.01035800,0.01899892
GT LoRA,8350,0.06293300,0.02140620
GT LoRA,8360,0.06226600,0.02205608
GT LoRA,8370,0.00847800,0.02217424
GT LoRA,8380,0.02741100,0.02320252
GT LoRA,8390,0.04111200,0.02432784
GT LoRA,8400,0.03950400,0.02590800
GT LoRA,8410,0.00286000,0.02586752
GT LoRA,8420,0.00308700,0.02563664
GT LoRA,8430,0.02175100,0.02567212
GT LoRA,8440,0.01637900,0.02616360
GT LoRA,8450,0.00156800,0.02605088
GT LoRA,8460,0.01263000,0.02634916
GT LoRA,8470,0.00679600,0.02466300
GT LoRA,8480,0.05934200,0.02694328
GT LoRA,8490,0.01426900,0.02584656
GT LoRA,8500,0.00022400,0.02408216
GT LoRA,8510,0.00107600,0.02378264
GT LoRA,8520,0.03083300,0.02421324
GT LoRA,8530,0.00393300,0.02326996
GT LoRA,8540,0.00198000,0.02203940
GT LoRA,8550,0.01279100,0.02173784
GT LoRA,8560,0.00078000,0.02124024
GT LoRA,8570,0.00643100,0.02054196
GT LoRA,8580,0.02030600,0.01876392
GT LoRA,8590,0.01215600,0.01883584
GT LoRA,8600,0.00751600,0.01661916
GT LoRA,8610,0.03100900,0.01536888
GT LoRA,8620,0.01258400,0.01553312
GT LoRA,8630,0.01034700,0.01485056
GT LoRA,8640,0.00105500,0.01324828
GT LoRA,8650,0.01677100,0.01233896
GT LoRA,8660,0.00736200,0.01251904
GT LoRA,8670,0.05296500,0.01451416
GT LoRA,8680,0.02425000,0.01461412
GT LoRA,8690,0.00437000,0.01413376
GT LoRA,8700,0.02827800,0.01520216
GT LoRA,8710,0.00298700,0.01481644
GT LoRA,8720,0.00162900,0.01460976
GT LoRA,8730,0.03946700,0.01381476
GT LoRA,8740,0.01618500,0.01389140
GT LoRA,8750,0.02531100,0.01489488
GT LoRA,8760,0.00258000,0.01495504
GT LoRA,8770,0.00337900,0.01385688
GT LoRA,8780,0.01535200,0.01431364
GT LoRA,8790,0.00758800,0.01453796
GT LoRA,8800,0.02933100,0.01519956
MTP LoRA,10,0.07224400,0.07224400
MTP LoRA,20,0.23288800,0.15256600
MTP LoRA,30,0.01712500,0.10741900
MTP LoRA,40,0.15908300,0.12033500
MTP LoRA,50,0.11455200,0.11917840
MTP LoRA,60,0.19506200,0.13182567
MTP LoRA,70,0.26870500,0.15137986
MTP LoRA,80,0.10220800,0.14523337
MTP LoRA,90,0.00000000,0.12909633
MTP LoRA,100,0.09304900,0.12549160
MTP LoRA,110,0.33182700,0.14424936
MTP LoRA,120,0.16457300,0.14594300
MTP LoRA,130,0.02688600,0.13678477
MTP LoRA,140,0.01047100,0.12776236
MTP LoRA,150,0.11167600,0.12668993
MTP LoRA,160,0.06502700,0.12283600
MTP LoRA,170,0.16776500,0.12547888
MTP LoRA,180,0.02515500,0.11990533
MTP LoRA,190,0.16537400,0.12229842
MTP LoRA,200,0.15683400,0.12402520
MTP LoRA,210,0.20059700,0.12767148
MTP LoRA,220,0.00706000,0.12218914
MTP LoRA,230,0.20159900,0.12564174
MTP LoRA,240,0.08552500,0.12397021
MTP LoRA,250,0.09297600,0.12273044
MTP LoRA,260,0.05857700,0.12218376
MTP LoRA,270,0.08365400,0.11621440
MTP LoRA,280,0.03145200,0.11678748
MTP LoRA,290,0.11394900,0.11498212
MTP LoRA,300,0.17647500,0.11745904
MTP LoRA,310,0.05956000,0.11203896
MTP LoRA,320,0.20333500,0.10942416
MTP LoRA,330,0.09963600,0.10932128
MTP LoRA,340,0.04497700,0.11112036
MTP LoRA,350,0.00545400,0.10761656
MTP LoRA,360,0.01234800,0.09483740
MTP LoRA,370,0.03751800,0.08975520
MTP LoRA,380,0.13782100,0.09419260
MTP LoRA,390,0.16829700,0.10050564
MTP LoRA,400,0.30547200,0.10825748
MTP LoRA,410,0.18042300,0.11287332
MTP LoRA,420,0.18289300,0.11347844
MTP LoRA,430,0.03619700,0.11392012
MTP LoRA,440,0.07188900,0.11018072
MTP LoRA,450,0.15889700,0.11026324
MTP LoRA,460,0.12922100,0.10740820
MTP LoRA,470,0.03251500,0.10842640
MTP LoRA,480,0.07354800,0.10330436
MTP LoRA,490,0.14251100,0.10558380
MTP LoRA,500,0.12594800,0.10690268
MTP LoRA,510,0.04560000,0.10638360
MTP LoRA,520,0.13892200,0.10859432
MTP LoRA,530,0.01292600,0.10785328
MTP LoRA,540,0.09197000,0.10697412
MTP LoRA,550,0.16716400,0.10660168
MTP LoRA,560,0.07677200,0.10729016
MTP LoRA,570,0.03096800,0.10039548
MTP LoRA,580,0.12520200,0.10141812
MTP LoRA,590,0.04137500,0.10127404
MTP LoRA,600,0.15330200,0.10718796
MTP LoRA,610,0.07635500,0.10974824
MTP LoRA,620,0.28960300,0.11983164
MTP LoRA,630,0.23005200,0.12352088
MTP LoRA,640,0.20533800,0.12500252
MTP LoRA,650,0.07743900,0.11588120
MTP LoRA,660,0.06611000,0.11130868
MTP LoRA,670,0.20943800,0.11237048
MTP LoRA,680,0.05457400,0.11310556
MTP LoRA,690,0.18357900,0.11757316
MTP LoRA,700,0.11241100,0.11571372
MTP LoRA,710,0.14644300,0.11640260
MTP LoRA,720,0.02812000,0.11622680
MTP LoRA,730,0.16461100,0.11986932
MTP LoRA,740,0.12721400,0.11925744
MTP LoRA,750,0.01509700,0.11482340
MTP LoRA,760,0.03744900,0.11449736
MTP LoRA,770,0.02829200,0.11007216
MTP LoRA,780,0.12334900,0.11448908
MTP LoRA,790,0.10473900,0.11499984
MTP LoRA,800,0.22032300,0.11712620
MTP LoRA,810,0.21065800,0.12248164
MTP LoRA,820,0.05617900,0.12349008
MTP LoRA,830,0.09912100,0.12244684
MTP LoRA,840,0.27926500,0.13196244
MTP LoRA,850,0.17633900,0.13288392
MTP LoRA,860,0.03367400,0.13117668
MTP LoRA,870,0.27696600,0.13067120
MTP LoRA,880,0.06059100,0.12389276
MTP LoRA,890,0.01294000,0.11619684
MTP LoRA,900,0.02412900,0.11406444
MTP LoRA,910,0.09213800,0.11510556
MTP LoRA,920,0.03737900,0.10822320
MTP LoRA,930,0.18206000,0.11332264
MTP LoRA,940,0.07159000,0.10884308
MTP LoRA,950,0.10743600,0.10864408
MTP LoRA,960,0.09860100,0.10673040
MTP LoRA,970,0.06786700,0.10832028
MTP LoRA,980,0.13521800,0.10714456
MTP LoRA,990,0.00004300,0.10205772
MTP LoRA,1000,0.11302300,0.10597476
MTP LoRA,1010,0.14076100,0.11010724
MTP LoRA,1020,0.02532500,0.10998856
MTP LoRA,1030,0.21735700,0.11374888
MTP LoRA,1040,0.00085700,0.10959360
MTP LoRA,1050,0.08895200,0.10433876
MTP LoRA,1060,0.05901100,0.09827288
MTP LoRA,1070,0.10386400,0.10018028
MTP LoRA,1080,0.10134000,0.10026904
MTP LoRA,1090,0.17835600,0.09623268
MTP LoRA,1100,0.09353600,0.09292056
MTP LoRA,1110,0.20499900,0.09977356
MTP LoRA,1120,0.07783300,0.09180824
MTP LoRA,1130,0.03590200,0.09082068
MTP LoRA,1140,0.15211700,0.09638776
MTP LoRA,1150,0.21149200,0.10388228
MTP LoRA,1160,0.25866300,0.11054328
MTP LoRA,1170,0.04720400,0.11093628
MTP LoRA,1180,0.14756300,0.10955640
MTP LoRA,1190,0.08083300,0.10992612
MTP LoRA,1200,0.14039600,0.11124452
MTP LoRA,1210,0.11052100,0.11172132
MTP LoRA,1220,0.15709000,0.11529024
MTP LoRA,1230,0.02743400,0.11097888
MTP LoRA,1240,0.13495400,0.11637532
MTP LoRA,1250,0.03148300,0.11311372
MTP LoRA,1260,0.34116300,0.12112980
MTP LoRA,1270,0.03486400,0.12151136
MTP LoRA,1280,0.16753500,0.11951848
MTP LoRA,1290,0.15944400,0.12586196
MTP LoRA,1300,0.11601100,0.12694432
MTP LoRA,1310,0.19275900,0.13229424
MTP LoRA,1320,0.04962300,0.13012460
MTP LoRA,1330,0.03432600,0.12744404
MTP LoRA,1340,0.27420800,0.13127812
MTP LoRA,1350,0.21904000,0.13629828
MTP LoRA,1360,0.18339100,0.13543396
MTP LoRA,1370,0.21095400,0.14075880
MTP LoRA,1380,0.03238900,0.14061828
MTP LoRA,1390,0.24873000,0.14448280
MTP LoRA,1400,0.14521700,0.14183180
MTP LoRA,1410,0.15651400,0.13774584
MTP LoRA,1420,0.11252600,0.14035872
MTP LoRA,1430,0.15916000,0.14082260
MTP LoRA,1440,0.09972300,0.14157820
MTP LoRA,1450,0.01699800,0.13664228
MTP LoRA,1460,0.14873100,0.13817068
MTP LoRA,1470,0.10900600,0.13624732
MTP LoRA,1480,0.09995200,0.13914804
MTP LoRA,1490,0.04114300,0.13539560
MTP LoRA,1500,0.00790900,0.13445264
MTP LoRA,1510,0.05783100,0.12311936
MTP LoRA,1520,0.13757100,0.12722764
MTP LoRA,1530,0.16741200,0.12722272
MTP LoRA,1540,0.15624400,0.12709472
MTP LoRA,1550,0.14346000,0.12819268
MTP LoRA,1560,0.04437700,0.12225740
MTP LoRA,1570,0.08193000,0.12354968
MTP LoRA,1580,0.11884300,0.12693036
MTP LoRA,1590,0.23113100,0.12520728
MTP LoRA,1600,0.12847300,0.12158460
MTP LoRA,1610,0.14590800,0.12008528
MTP LoRA,1620,0.22486000,0.12064152
MTP LoRA,1630,0.06856600,0.12208860
MTP LoRA,1640,0.02556600,0.11316204
MTP LoRA,1650,0.05798800,0.10967288
MTP LoRA,1660,0.14005300,0.10901444
MTP LoRA,1670,0.00819800,0.10484132
MTP LoRA,1680,0.04423700,0.10024440
MTP LoRA,1690,0.09763800,0.10016100
MTP LoRA,1700,0.07026000,0.10229148
MTP LoRA,1710,0.03274400,0.09765200
MTP LoRA,1720,0.04287000,0.09500656
MTP LoRA,1730,0.02122300,0.09185740
MTP LoRA,1740,0.01259800,0.09071560
MTP LoRA,1750,0.02175200,0.09126932
MTP LoRA,1760,0.07230600,0.09184832
MTP LoRA,1770,0.14054200,0.09196716
MTP LoRA,1780,0.15757800,0.09157380
MTP LoRA,1790,0.16364400,0.09186980
MTP LoRA,1800,0.15030600,0.09214364
MTP LoRA,1810,0.00661300,0.09063308
MTP LoRA,1820,0.08649200,0.09081556
MTP LoRA,1830,0.10561100,0.09028628
MTP LoRA,1840,0.00013300,0.08104636
MTP LoRA,1850,0.10210100,0.07999148
MTP LoRA,1860,0.03454400,0.07553692
MTP LoRA,1870,0.20666200,0.07480900
MTP LoRA,1880,0.08459100,0.07545000
MTP LoRA,1890,0.03839900,0.07596332
MTP LoRA,1900,0.00443400,0.07382116
MTP LoRA,1910,0.09090600,0.07185528
MTP LoRA,1920,0.10089100,0.07556300
MTP LoRA,1930,0.08830100,0.07732556
MTP LoRA,1940,0.05742900,0.07571720
MTP LoRA,1950,0.24501600,0.08270744
MTP LoRA,1960,0.06889500,0.08415348
MTP LoRA,1970,0.24816800,0.09236540
MTP LoRA,1980,0.01131600,0.09196912
MTP LoRA,1990,0.16108100,0.09790844
MTP LoRA,2000,0.08829500,0.10057016
MTP LoRA,2010,0.22795700,0.10679620
MTP LoRA,2020,0.17504700,0.10817640
MTP LoRA,2030,0.07702900,0.10495444
MTP LoRA,2040,0.17365900,0.10535504
MTP LoRA,2050,0.24753200,0.10924408
MTP LoRA,2060,0.20259200,0.11708324
MTP LoRA,2070,0.00957600,0.11400660
MTP LoRA,2080,0.15741200,0.11607864
MTP LoRA,2090,0.13529200,0.12148500
MTP LoRA,2100,0.07075000,0.12023096
MTP LoRA,2110,0.13695100,0.12432724
MTP LoRA,2120,0.08100300,0.11930088
MTP LoRA,2130,0.10847900,0.12025640
MTP LoRA,2140,0.17277000,0.12563124
MTP LoRA,2150,0.02901900,0.12661464
MTP LoRA,2160,0.06608800,0.12562192
MTP LoRA,2170,0.12288400,0.12650164
MTP LoRA,2180,0.12032300,0.12778252
MTP LoRA,2190,0.13855700,0.13102764
MTP LoRA,2200,0.12199700,0.12610688
MTP LoRA,2210,0.04567500,0.12517808
MTP LoRA,2220,0.08437200,0.11862624
MTP LoRA,2230,0.10040800,0.12218992
MTP LoRA,2240,0.08175700,0.11901696
MTP LoRA,2250,0.14162700,0.12115024
MTP LoRA,2260,0.13925400,0.11760212
MTP LoRA,2270,0.08342800,0.11393736
MTP LoRA,2280,0.06619900,0.11350416
MTP LoRA,2290,0.18402700,0.11391888
MTP LoRA,2300,0.09674500,0.10788740
MTP LoRA,2310,0.03125900,0.10103408
MTP LoRA,2320,0.00005900,0.10065340
MTP LoRA,2330,0.12475800,0.09934724
MTP LoRA,2340,0.08276500,0.09724616
MTP LoRA,2350,0.14363700,0.10016164
MTP LoRA,2360,0.13217000,0.09997040
MTP LoRA,2370,0.05193200,0.09880756
MTP LoRA,2380,0.01101500,0.09490900
MTP LoRA,2390,0.05931700,0.09037088
MTP LoRA,2400,0.06508600,0.09181356
MTP LoRA,2410,0.12940300,0.09434616
MTP LoRA,2420,0.05771000,0.09173920
MTP LoRA,2430,0.07437300,0.08990120
MTP LoRA,2440,0.01465200,0.08494500
MTP LoRA,2450,0.11481700,0.08465780
MTP LoRA,2460,0.11420800,0.08739912
MTP LoRA,2470,0.02914000,0.08518984
MTP LoRA,2480,0.10436800,0.08534824
MTP LoRA,2490,0.07243900,0.08497552
MTP LoRA,2500,0.12994800,0.08450836
MTP LoRA,2510,0.07371000,0.08188660
MTP LoRA,2520,0.04858300,0.08049280
MTP LoRA,2530,0.03807800,0.07936796
MTP LoRA,2540,0.03151500,0.07326748
MTP LoRA,2550,0.18653600,0.07685912
MTP LoRA,2560,0.03907800,0.07717188
MTP LoRA,2570,0.14797300,0.08308844
MTP LoRA,2580,0.12643400,0.08315548
MTP LoRA,2590,0.19859500,0.08778868
MTP LoRA,2600,0.18787800,0.08955832
MTP LoRA,2610,0.23031400,0.09348408
MTP LoRA,2620,0.01251200,0.09190728
MTP LoRA,2630,0.02477900,0.09245784
MTP LoRA,2640,0.07763100,0.09319040
MTP LoRA,2650,0.02028000,0.09139816
MTP LoRA,2660,0.01316800,0.08674876
MTP LoRA,2670,0.24385300,0.09419448
MTP LoRA,2680,0.15347100,0.09735840
MTP LoRA,2690,0.21187500,0.10524732
MTP LoRA,2700,0.08315100,0.10398068
MTP LoRA,2710,0.15645100,0.10567040
MTP LoRA,2720,0.00073300,0.10453412
MTP LoRA,2730,0.04929500,0.10233120
MTP LoRA,2740,0.07765100,0.10253968
MTP LoRA,2750,0.03037600,0.09855680
MTP LoRA,2760,0.02215900,0.09649476
MTP LoRA,2770,0.29795400,0.10646960
MTP LoRA,2780,0.04303800,0.10666800
MTP LoRA,2790,0.07144700,0.10826528
MTP LoRA,2800,0.06488200,0.10339912
MTP LoRA,2810,0.23665900,0.11130236
MTP LoRA,2820,0.14644400,0.11124120
MTP LoRA,2830,0.11236800,0.11067856
MTP LoRA,2840,0.07693600,0.10581220
MTP LoRA,2850,0.24527500,0.10810808
MTP LoRA,2860,0.15925700,0.10526580
MTP LoRA,2870,0.16112600,0.11121036
MTP LoRA,2880,0.06397800,0.11277832
MTP LoRA,2890,0.13962200,0.11525796
MTP LoRA,2900,0.07580000,0.11747876
MTP LoRA,2910,0.20228500,0.12504344
MTP LoRA,2920,0.16772000,0.12199812
MTP LoRA,2930,0.12932300,0.12103220
MTP LoRA,2940,0.00043900,0.11257476
MTP LoRA,2950,0.18453700,0.11663020
MTP LoRA,2960,0.13965200,0.11595824
MTP LoRA,2970,0.01086900,0.11636368
MTP LoRA,2980,0.26615600,0.12503812
MTP LoRA,2990,0.20066900,0.12995884
MTP LoRA,3000,0.15244500,0.13484160
MTP LoRA,3010,0.16067200,0.14038212
MTP LoRA,3020,0.07996300,0.13166248
MTP LoRA,3030,0.09487900,0.13373612
MTP LoRA,3040,0.07291100,0.13379468
MTP LoRA,3050,0.19663600,0.13906484
MTP LoRA,3060,0.07302000,0.13251928
MTP LoRA,3070,0.25012400,0.13666648
MTP LoRA,3080,0.06105800,0.13461408
MTP LoRA,3090,0.07353000,0.13447784
MTP LoRA,3100,0.03417900,0.12603400
MTP LoRA,3110,0.08959200,0.12324740
MTP LoRA,3120,0.21049700,0.12522224
MTP LoRA,3130,0.05627700,0.12491420
MTP LoRA,3140,0.17584800,0.12636324
MTP LoRA,3150,0.11947900,0.12811040
MTP LoRA,3160,0.08871500,0.12356760
MTP LoRA,3170,0.01632600,0.11751184
MTP LoRA,3180,0.20010400,0.12034308
MTP LoRA,3190,0.02176500,0.12119612
MTP LoRA,3200,0.21625200,0.12246472
MTP LoRA,3210,0.02565200,0.11790472
MTP LoRA,3220,0.12580000,0.12250196
MTP LoRA,3230,0.04833500,0.11378912
MTP LoRA,3240,0.09743600,0.10965980
MTP LoRA,3250,0.02088300,0.10439732
MTP LoRA,3260,0.24331300,0.10770296
MTP LoRA,3270,0.01932200,0.10527732
MTP LoRA,3280,0.22462900,0.11046732
MTP LoRA,3290,0.07195900,0.11042924
MTP LoRA,3300,0.09229900,0.10625576
MTP LoRA,3310,0.26226800,0.11382568
MTP LoRA,3320,0.12787400,0.10893568
MTP LoRA,3330,0.10230700,0.11058564
MTP LoRA,3340,0.16048700,0.11406392
MTP LoRA,3350,0.04888200,0.11465204
MTP LoRA,3360,0.06862900,0.11381352
MTP LoRA,3370,0.07295400,0.10831180
MTP LoRA,3380,0.08770100,0.10956876
MTP LoRA,3390,0.14231700,0.10822752
MTP LoRA,3400,0.17585100,0.11048240
MTP LoRA,3410,0.16777500,0.11364480
MTP LoRA,3420,0.15896800,0.11935048
MTP LoRA,3430,0.04901800,0.11330704
MTP LoRA,3440,0.13933900,0.11801000
MTP LoRA,3450,0.00868500,0.10970732
MTP LoRA,3460,0.05777800,0.11099236
MTP LoRA,3470,0.13786200,0.11147484
MTP LoRA,3480,0.21756700,0.11824412
MTP LoRA,3490,0.09814000,0.11827228
MTP LoRA,3500,0.18940300,0.12501308
MTP LoRA,3510,0.00028600,0.11529200
MTP LoRA,3520,0.04953300,0.11650044
MTP LoRA,3530,0.18761000,0.11501968
MTP LoRA,3540,0.14576500,0.11797192
MTP LoRA,3550,0.21389400,0.12283572
MTP LoRA,3560,0.03641700,0.11380168
MTP LoRA,3570,0.08461600,0.11207136
MTP LoRA,3580,0.05755400,0.11028124
MTP LoRA,3590,0.10861200,0.10820624
MTP LoRA,3600,0.08288800,0.10956648
MTP LoRA,3610,0.02433300,0.10779464
MTP LoRA,3620,0.13941900,0.11045324
MTP LoRA,3630,0.14975500,0.11293540
MTP LoRA,3640,0.04232400,0.10893568
MTP LoRA,3650,0.11945800,0.10667996
MTP LoRA,3660,0.00189400,0.10004472
MTP LoRA,3670,0.00749500,0.09398580
MTP LoRA,3680,0.23877900,0.10157624
MTP LoRA,3690,0.12220100,0.10089072
MTP LoRA,3700,0.26743200,0.11124060
MTP LoRA,3710,0.19885900,0.11688384
MTP LoRA,3720,0.04157300,0.11303228
MTP LoRA,3730,0.12937800,0.10950472
MTP LoRA,3740,0.04730600,0.10747136
MTP LoRA,3750,0.17057500,0.10671824
MTP LoRA,3760,0.03261400,0.10801136
MTP LoRA,3770,0.22563600,0.11505548
MTP LoRA,3780,0.03211200,0.10883556
MTP LoRA,3790,0.25829400,0.11333672
MTP LoRA,3800,0.10722900,0.10907012
MTP LoRA,3810,0.21361700,0.11615812
MTP LoRA,3820,0.12197000,0.11765228
MTP LoRA,3830,0.00508700,0.11555360
MTP LoRA,3840,0.00462700,0.11139420
MTP LoRA,3850,0.23229100,0.11737032
MTP LoRA,3860,0.02816500,0.11752360
MTP LoRA,3870,0.06213300,0.11443216
MTP LoRA,3880,0.02669300,0.10950968
MTP LoRA,3890,0.17449200,0.11479640
MTP LoRA,3900,0.13755800,0.11552040
MTP LoRA,3910,0.08086600,0.11867928
MTP LoRA,3920,0.06304100,0.12090112
MTP LoRA,3930,0.15906000,0.11771236
MTP LoRA,3940,0.10635000,0.11707832
MTP LoRA,3950,0.12927500,0.11155204
MTP LoRA,3960,0.17445700,0.11057596
MTP LoRA,3970,0.10632300,0.11316596
MTP LoRA,3980,0.24356900,0.11773360
MTP LoRA,3990,0.08852300,0.11938228
MTP LoRA,4000,0.09120600,0.11620752
MTP LoRA,4010,0.23009900,0.12410692
MTP LoRA,4020,0.04677300,0.11695240
MTP LoRA,4030,0.08897100,0.11922676
MTP LoRA,4040,0.20681600,0.11716764
MTP LoRA,4050,0.14618100,0.11872572
MTP LoRA,4060,0.02208000,0.11106424
MTP LoRA,4070,0.09555600,0.11000768
MTP LoRA,4080,0.19287800,0.11751932
MTP LoRA,4090,0.00436800,0.11750896
MTP LoRA,4100,0.17768100,0.11532456
MTP LoRA,4110,0.14309700,0.11992184
MTP LoRA,4120,0.01440700,0.11801280
MTP LoRA,4130,0.14042600,0.12256212
MTP LoRA,4140,0.07452900,0.11856360
MTP LoRA,4150,0.08313000,0.11638648
MTP LoRA,4160,0.07735600,0.11624608
MTP LoRA,4170,0.01379300,0.11427616
MTP LoRA,4180,0.15172600,0.11398280
MTP LoRA,4190,0.10840400,0.11406496
MTP LoRA,4200,0.26275700,0.11940424
MTP LoRA,4210,0.00114600,0.11247180
MTP LoRA,4220,0.24802000,0.11813968
MTP LoRA,4230,0.01178000,0.10886812
MTP LoRA,4240,0.22223700,0.11421668
MTP LoRA,4250,0.19209300,0.11825216
MTP LoRA,4260,0.11748200,0.11374748
MTP LoRA,4270,0.04781700,0.11378924
MTP LoRA,4280,0.09467000,0.11401720
MTP LoRA,4290,0.05201000,0.10782496
MTP LoRA,4300,0.01523400,0.10258708
MTP LoRA,4310,0.01055800,0.10212620
MTP LoRA,4320,0.08235200,0.10159804
MTP LoRA,4330,0.11520700,0.09849120
MTP LoRA,4340,0.12578200,0.10334776
MTP LoRA,4350,0.01668700,0.09690800
MTP LoRA,4360,0.02996100,0.09238256
MTP LoRA,4370,0.01181700,0.09227896
MTP LoRA,4380,0.02491600,0.08765856
MTP LoRA,4390,0.11597200,0.08931628
MTP LoRA,4400,0.08400100,0.08935112
MTP LoRA,4410,0.25099200,0.09629656
MTP LoRA,4420,0.07607300,0.09878776
MTP LoRA,4430,0.14826400,0.09864928
MTP LoRA,4440,0.22323500,0.10324252
MTP LoRA,4450,0.00114800,0.09277816
MTP LoRA,4460,0.19211700,0.10041700
MTP LoRA,4470,0.09025800,0.09410652
MTP LoRA,4480,0.09377000,0.09738612
MTP LoRA,4490,0.16034500,0.09491044
MTP LoRA,4500,0.02875200,0.08837680
MTP LoRA,4510,0.08209400,0.08696128
MTP LoRA,4520,0.04993700,0.08704608
MTP LoRA,4530,0.16149600,0.08971912
MTP LoRA,4540,0.13978100,0.09322996
MTP LoRA,4550,0.19424000,0.10039020
MTP LoRA,4560,0.01754600,0.10066972
MTP LoRA,4570,0.11278100,0.10188688
MTP LoRA,4580,0.07564700,0.10030448
MTP LoRA,4590,0.14615700,0.10111948
MTP LoRA,4600,0.06760300,0.10315612
MTP LoRA,4610,0.06457700,0.10454076
MTP LoRA,4620,0.02237600,0.10496312
MTP LoRA,4630,0.11554700,0.10858836
MTP LoRA,4640,0.22829900,0.11308144
MTP LoRA,4650,0.04360200,0.11146548
MTP LoRA,4660,0.09425900,0.10519616
MTP LoRA,4670,0.23616700,0.11159992
MTP LoRA,4680,0.13309700,0.11099324
MTP LoRA,4690,0.12974300,0.10725356
MTP LoRA,4700,0.03868300,0.10875496
MTP LoRA,4710,0.01955500,0.10185248
MTP LoRA,4720,0.03247000,0.09954096
MTP LoRA,4730,0.14399700,0.10155004
MTP LoRA,4740,0.15771500,0.10144484
MTP LoRA,4750,0.00000000,0.10029476
MTP LoRA,4760,0.25737400,0.10730596
MTP LoRA,4770,0.19452900,0.11308964
MTP LoRA,4780,0.16262900,0.11313496
MTP LoRA,4790,0.02598000,0.10858292
MTP LoRA,4800,0.00250100,0.10091336
MTP LoRA,4810,0.09742000,0.10410832
MTP LoRA,4820,0.14541200,0.10541356
MTP LoRA,4830,0.01571700,0.10301636
MTP LoRA,4840,0.06516800,0.09977680
MTP LoRA,4850,0.11520600,0.10168092
MTP LoRA,4860,0.10814200,0.10342352
MTP LoRA,4870,0.27715200,0.11361456
MTP LoRA,4880,0.15636700,0.11524736
MTP LoRA,4890,0.01934200,0.10688908
MTP LoRA,4900,0.00711000,0.10542940
MTP LoRA,4910,0.14465000,0.10744504
MTP LoRA,4920,0.17309900,0.10492232
MTP LoRA,4930,0.00694800,0.09987636
MTP LoRA,4940,0.00030200,0.09469872
MTP LoRA,4950,0.10305900,0.09727376
MTP LoRA,4960,0.11356000,0.10103396
MTP LoRA,4970,0.13204500,0.10501696
MTP LoRA,4980,0.15718400,0.10554444
MTP LoRA,4990,0.11921700,0.10400452
MTP LoRA,5000,0.01528400,0.10461588
MTP LoRA,5010,0.02947600,0.09549996
MTP LoRA,5020,0.23879500,0.09727060
MTP LoRA,5030,0.01284100,0.09127908
MTP LoRA,5040,0.00177400,0.09031084
MTP LoRA,5050,0.01854500,0.09095260
MTP LoRA,5060,0.05165900,0.08912216
MTP LoRA,5070,0.26964000,0.09409128
MTP LoRA,5080,0.18151300,0.10072312
MTP LoRA,5090,0.07249900,0.10101636
MTP LoRA,5100,0.06169600,0.09887596
MTP LoRA,5110,0.17997800,0.10174940
MTP LoRA,5120,0.18234900,0.09795728
MTP LoRA,5130,0.16187000,0.09817740
MTP LoRA,5140,0.12785700,0.10251800
MTP LoRA,5150,0.05771700,0.10454228
MTP LoRA,5160,0.14785100,0.10467032
MTP LoRA,5170,0.19430900,0.10551872
MTP LoRA,5180,0.23947400,0.11481976
MTP LoRA,5190,0.00025000,0.11481768
MTP LoRA,5200,0.07579700,0.11372720
MTP LoRA,5210,0.09274400,0.11289456
MTP LoRA,5220,0.04376300,0.10936328
MTP LoRA,5230,0.02111400,0.10392048
MTP LoRA,5240,0.26749900,0.10985176
MTP LoRA,5250,0.15306300,0.11536292
MTP LoRA,5260,0.05176400,0.11625444
MTP LoRA,5270,0.07821500,0.10983124
MTP LoRA,5280,0.13488700,0.11471308
MTP LoRA,5290,0.26684000,0.12531572
MTP LoRA,5300,0.25213100,0.13465916
MTP LoRA,5310,0.07569300,0.13562052
MTP LoRA,5320,0.11693000,0.12951212
MTP LoRA,5330,0.14027200,0.12786248
MTP LoRA,5340,0.14942100,0.13093936
MTP LoRA,5350,0.04745700,0.13036980
MTP LoRA,5360,0.19467500,0.13095768
MTP LoRA,5370,0.13385800,0.12901804
MTP LoRA,5380,0.05405500,0.12470544
MTP LoRA,5390,0.21275900,0.12810152
MTP LoRA,5400,0.14782100,0.13170568
MTP LoRA,5410,0.05608900,0.12803520
MTP LoRA,5420,0.08815100,0.12378888
MTP LoRA,5430,0.01194700,0.11468780
MTP LoRA,5440,0.01243800,0.11517532
MTP LoRA,5450,0.23323500,0.12147284
MTP LoRA,5460,0.07915700,0.12092936
MTP LoRA,5470,0.10908200,0.12354212
MTP LoRA,5480,0.05523600,0.12490700
MTP LoRA,5490,0.01797600,0.11492608
MTP LoRA,5500,0.12987300,0.11399848
MTP LoRA,5510,0.08191600,0.11520456
MTP LoRA,5520,0.09496100,0.11587440
MTP LoRA,5530,0.04040500,0.11209512
MTP LoRA,5540,0.13002800,0.10662264
MTP LoRA,5550,0.05446000,0.09871580
MTP LoRA,5560,0.08503700,0.09908956
MTP LoRA,5570,0.24321700,0.10414104
MTP LoRA,5580,0.20737600,0.10682520
MTP LoRA,5590,0.15865700,0.10719464
MTP LoRA,5600,0.10936000,0.10967076
MTP LoRA,5610,0.01437200,0.10245864
MTP LoRA,5620,0.02596400,0.09814288
MTP LoRA,5630,0.20814000,0.10430628
MTP LoRA,5640,0.17486400,0.10279048
MTP LoRA,5650,0.13031600,0.10209028
MTP LoRA,5660,0.24575400,0.10967688
MTP LoRA,5670,0.01654100,0.10681248
MTP LoRA,5680,0.26563400,0.11695996
MTP LoRA,5690,0.02943500,0.11763984
MTP LoRA,5700,0.03453800,0.10969196
MTP LoRA,5710,0.01747900,0.10722484
MTP LoRA,5720,0.16852000,0.10960236
MTP LoRA,5730,0.12872400,0.11254188
MTP LoRA,5740,0.07268600,0.11473028
MTP LoRA,5750,0.09594300,0.11337308
MTP LoRA,5760,0.07531600,0.11310908
MTP LoRA,5770,0.10056200,0.11333312
MTP LoRA,5780,0.13608100,0.11716016
MTP LoRA,5790,0.26425600,0.12252928
MTP LoRA,5800,0.14708800,0.12623440
MTP LoRA,5810,0.00483100,0.12302616
MTP LoRA,5820,0.11048400,0.11771684
MTP LoRA,5830,0.26268600,0.11992924
MTP LoRA,5840,0.06278200,0.11609424
MTP LoRA,5850,0.09034600,0.11533368
MTP LoRA,5860,0.06771100,0.11746724
MTP LoRA,5870,0.11287300,0.12094360
MTP LoRA,5880,0.10936800,0.11699272
MTP LoRA,5890,0.05998600,0.11239760
MTP LoRA,5900,0.02039600,0.10800080
MTP LoRA,5910,0.02828000,0.09930184
MTP LoRA,5920,0.07619500,0.10168800
MTP LoRA,5930,0.09947500,0.09504164
MTP LoRA,5940,0.00028000,0.09387544
MTP LoRA,5950,0.15527200,0.09870480
MTP LoRA,5960,0.15239300,0.10410136
MTP LoRA,5970,0.32123100,0.11020980
MTP LoRA,5980,0.04023300,0.10667016
MTP LoRA,5990,0.00076800,0.10379344
MTP LoRA,6000,0.23422700,0.10932480
MTP LoRA,6010,0.10765600,0.11061840
MTP LoRA,6020,0.01646400,0.10725448
MTP LoRA,6030,0.09720500,0.10569944
MTP LoRA,6040,0.06889100,0.09788484
MTP LoRA,6050,0.10998500,0.09640072
MTP LoRA,6060,0.08137800,0.09946260
MTP LoRA,6070,0.00170400,0.09511140
MTP LoRA,6080,0.17312900,0.09152912
MTP LoRA,6090,0.12217700,0.09390492
MTP LoRA,6100,0.03469500,0.09167888
MTP LoRA,6110,0.06776000,0.09168084
MTP LoRA,6120,0.10672400,0.09143488
MTP LoRA,6130,0.05454700,0.08924204
MTP LoRA,6140,0.00872700,0.08719168
MTP LoRA,6150,0.06085300,0.08880996
MTP LoRA,6160,0.06019900,0.09008672
MTP LoRA,6170,0.11682700,0.09171200
MTP LoRA,6180,0.06965800,0.09051932
MTP LoRA,6190,0.03643900,0.09196568
MTP LoRA,6200,0.00018900,0.08576236
MTP LoRA,6210,0.15275600,0.08577688
MTP LoRA,6220,0.14812000,0.07885244
MTP LoRA,6230,0.00490300,0.07743924
MTP LoRA,6240,0.10924500,0.08177832
MTP LoRA,6250,0.11187300,0.07688416
MTP LoRA,6260,0.15185600,0.07865216
MTP LoRA,6270,0.14993100,0.08399084
MTP LoRA,6280,0.01882600,0.08085568
MTP LoRA,6290,0.08169500,0.08136784
MTP LoRA,6300,0.05583200,0.07920172
MTP LoRA,6310,0.10826500,0.08027720
MTP LoRA,6320,0.01273300,0.08071836
MTP LoRA,6330,0.08524000,0.07720280
MTP LoRA,6340,0.09576000,0.07614612
MTP LoRA,6350,0.08263700,0.07806380
MTP LoRA,6360,0.03871800,0.07690212
MTP LoRA,6370,0.21654400,0.08129492
MTP LoRA,6380,0.24246400,0.08881160
MTP LoRA,6390,0.20234000,0.09655612
MTP LoRA,6400,0.04910800,0.09608632
MTP LoRA,6410,0.02731300,0.09477088
MTP LoRA,6420,0.09575000,0.09392780
MTP LoRA,6430,0.24311200,0.10086596
MTP LoRA,6440,0.00169900,0.09947636
MTP LoRA,6450,0.16657600,0.10613184
MTP LoRA,6460,0.10661100,0.10428604
MTP LoRA,6470,0.02859800,0.09950516
MTP LoRA,6480,0.10043600,0.10332648
MTP LoRA,6490,0.00315800,0.09908300
MTP LoRA,6500,0.11320400,0.09913624
MTP LoRA,6510,0.03765200,0.09456808
MTP LoRA,6520,0.09793900,0.09248840
MTP LoRA,6530,0.10277000,0.09584616
MTP LoRA,6540,0.14116600,0.09822500
MTP LoRA,6550,0.12098700,0.10083120
MTP LoRA,6560,0.00152800,0.09656172
MTP LoRA,6570,0.14759100,0.10195604
MTP LoRA,6580,0.01410000,0.09911044
MTP LoRA,6590,0.10617100,0.09952688
MTP LoRA,6600,0.10795200,0.10053948
MTP LoRA,6610,0.16788300,0.10570608
MTP LoRA,6620,0.16428700,0.10361580
MTP LoRA,6630,0.01804000,0.09463884
MTP LoRA,6640,0.05736800,0.08883996
MTP LoRA,6650,0.07837400,0.09001060
MTP LoRA,6660,0.07711800,0.09200280
MTP LoRA,6670,0.13252700,0.09347388
MTP LoRA,6680,0.11910600,0.08851364
MTP LoRA,6690,0.09756000,0.09234808
MTP LoRA,6700,0.10087900,0.08972020
MTP LoRA,6710,0.00001600,0.08545640
MTP LoRA,6720,0.06785200,0.08702656
MTP LoRA,6730,0.01695200,0.08368720
MTP LoRA,6740,0.20041400,0.09157744
MTP LoRA,6750,0.20680200,0.09532136
MTP LoRA,6760,0.01208900,0.09429884
MTP LoRA,6770,0.07847100,0.09352012
MTP LoRA,6780,0.17219700,0.09629720
MTP LoRA,6790,0.30166700,0.10271724
MTP LoRA,6800,0.01777700,0.09858884
MTP LoRA,6810,0.09428700,0.10229920
MTP LoRA,6820,0.01952800,0.09717668
MTP LoRA,6830,0.04292200,0.09832956
MTP LoRA,6840,0.07802900,0.09720388
MTP LoRA,6850,0.02703900,0.09396736
MTP LoRA,6860,0.04211400,0.08893660
MTP LoRA,6870,0.07821200,0.08549360
MTP LoRA,6880,0.04231100,0.08646444
MTP LoRA,6890,0.08002500,0.08737072
MTP LoRA,6900,0.17285100,0.09114980
MTP LoRA,6910,0.13315500,0.09339128
MTP LoRA,6920,0.02823500,0.08921960
MTP LoRA,6930,0.08459000,0.08783896
MTP LoRA,6940,0.08483800,0.08733008
MTP LoRA,6950,0.20328900,0.09142648
MTP LoRA,6960,0.04686200,0.09330032
MTP LoRA,6970,0.21401800,0.09914696
MTP LoRA,6980,0.07474100,0.10145852
MTP LoRA,6990,0.01523100,0.09405120
MTP LoRA,7000,0.00360800,0.08592344
MTP LoRA,7010,0.18702900,0.09292104
MTP LoRA,7020,0.12620200,0.09483028
MTP LoRA,7030,0.21939500,0.09671820
MTP LoRA,7040,0.00101200,0.08469200
MTP LoRA,7050,0.22158500,0.09284432
MTP LoRA,7060,0.10653600,0.09333428
MTP LoRA,7070,0.10614600,0.09679900
MTP LoRA,7080,0.12885500,0.10023632
MTP LoRA,7090,0.02539600,0.09813100
MTP LoRA,7100,0.18626500,0.10450004
MTP LoRA,7110,0.01247100,0.10331432
MTP LoRA,7120,0.00260700,0.10029012
MTP LoRA,7130,0.09570800,0.10242600
MTP LoRA,7140,0.20244800,0.10732292
MTP LoRA,7150,0.09854500,0.10435068
MTP LoRA,7160,0.02517100,0.10003132
MTP LoRA,7170,0.27342800,0.10983904
MTP LoRA,7180,0.11299500,0.11097524
MTP LoRA,7190,0.04721000,0.10947012
MTP LoRA,7200,0.05458000,0.10352176
MTP LoRA,7210,0.07965900,0.10483364
MTP LoRA,7220,0.14633900,0.10212648
MTP LoRA,7230,0.05891400,0.10149340
MTP LoRA,7240,0.01822300,0.10161308
MTP LoRA,7250,0.20340900,0.10960512
MTP LoRA,7260,0.10799800,0.10644388
MTP LoRA,7270,0.09848500,0.10533520
MTP LoRA,7280,0.06563400,0.09918476
MTP LoRA,7290,0.12345800,0.10408260
MTP LoRA,7300,0.21091000,0.10365560
MTP LoRA,7310,0.02182100,0.10026700
MTP LoRA,7320,0.23325400,0.10535132
MTP LoRA,7330,0.25598700,0.11043660
MTP LoRA,7340,0.00101200,0.10946124
MTP LoRA,7350,0.08603500,0.10545204
MTP LoRA,7360,0.15289700,0.11106908
MTP LoRA,7370,0.03508300,0.11236812
MTP LoRA,7380,0.26235000,0.11903380
MTP LoRA,7390,0.08176700,0.11420656
MTP LoRA,7400,0.02828300,0.11139608
MTP LoRA,7410,0.02529300,0.11140096
MTP LoRA,7420,0.00814200,0.10078952
MTP LoRA,7430,0.07479400,0.09926148
MTP LoRA,7440,0.15993800,0.10377060
MTP LoRA,7450,0.04771900,0.10349616
MTP LoRA,7460,0.17834600,0.10744364
MTP LoRA,7470,0.33266000,0.11489648
MTP LoRA,7480,0.01342200,0.11307680
MTP LoRA,7490,0.08853700,0.11588936
MTP LoRA,7500,0.01149600,0.10821284
MTP LoRA,7510,0.14412800,0.10965804
MTP LoRA,7520,0.04792300,0.10763556
MTP LoRA,7530,0.13336600,0.11034484
MTP LoRA,7540,0.17203200,0.11228780
MTP LoRA,7550,0.16122700,0.11030048
MTP LoRA,7560,0.11884000,0.11418124
MTP LoRA,7570,0.20226700,0.11294176
MTP LoRA,7580,0.15869800,0.10905020
MTP LoRA,7590,0.08687700,0.11248480
MTP LoRA,7600,0.10773700,0.11335288
MTP LoRA,7610,0.16120500,0.11368520
MTP LoRA,7620,0.11101300,0.11672240
MTP LoRA,7630,0.00176600,0.10629904
MTP LoRA,7640,0.01212300,0.10351328
MTP LoRA,7650,0.10807900,0.10670512
MTP LoRA,7660,0.16909000,0.11245700
MTP LoRA,7670,0.23640700,0.12158760
MTP LoRA,7680,0.21482800,0.12718896
MTP LoRA,7690,0.23548300,0.13021076
MTP LoRA,7700,0.07345300,0.13124012
MTP LoRA,7710,0.03356100,0.12544872
MTP LoRA,7720,0.05856400,0.11448488
MTP LoRA,7730,0.29027500,0.12555900
MTP LoRA,7740,0.09921700,0.12598620
MTP LoRA,7750,0.06253400,0.12802772
MTP LoRA,7760,0.09591700,0.12609928
MTP LoRA,7770,0.00703100,0.12446360
MTP LoRA,7780,0.00689300,0.11940468
MTP LoRA,7790,0.22513700,0.12152888
MTP LoRA,7800,0.00838200,0.11541508
MTP LoRA,7810,0.11085900,0.11509584
MTP LoRA,7820,0.07744200,0.11010284
MTP LoRA,7830,0.16547200,0.11037380
MTP LoRA,7840,0.05879900,0.10925068
MTP LoRA,7850,0.13926400,0.11051176
MTP LoRA,7860,0.04673400,0.10593292
MTP LoRA,7870,0.00499700,0.10169228
MTP LoRA,7880,0.03692100,0.10309848
MTP LoRA,7890,0.05960000,0.10499756
MTP LoRA,7900,0.00404700,0.10083628
MTP LoRA,7910,0.01043400,0.09449004
MTP LoRA,7920,0.04807800,0.08695688
MTP LoRA,7930,0.01665400,0.07902992
MTP LoRA,7940,0.11239000,0.07410620
MTP LoRA,7950,0.13964000,0.07675368
MTP LoRA,7960,0.27271900,0.08632000
MTP LoRA,7970,0.12320400,0.08890560
MTP LoRA,7980,0.02140800,0.07815092
MTP LoRA,7990,0.08560800,0.07760656
MTP LoRA,8000,0.24125000,0.08475520
MTP LoRA,8010,0.02842200,0.08205540
MTP LoRA,8020,0.09010900,0.08537852
MTP LoRA,8030,0.12163800,0.08996832
MTP LoRA,8040,0.04916400,0.08292940
MTP LoRA,8050,0.02458100,0.08357736
MTP LoRA,8060,0.06637900,0.08179816
MTP LoRA,8070,0.05509600,0.08090432
MTP LoRA,8080,0.08671000,0.07775384
MTP LoRA,8090,0.00000000,0.07540188
MTP LoRA,8100,0.18267000,0.07713812
MTP LoRA,8110,0.20945000,0.08364676
MTP LoRA,8120,0.01716900,0.08413364
MTP LoRA,8130,0.16677000,0.08932760
MTP LoRA,8140,0.21840800,0.09567992
MTP LoRA,8150,0.19246600,0.10321668
MTP LoRA,8160,0.29896800,0.11475804
MTP LoRA,8170,0.14462100,0.11861976
MTP LoRA,8180,0.22864200,0.12709928
MTP LoRA,8190,0.36290000,0.13711968
MTP LoRA,8200,0.00034700,0.13154796
MTP LoRA,8210,0.18326600,0.12796984
MTP LoRA,8220,0.00443500,0.12321908
MTP LoRA,8230,0.31369400,0.13491052
MTP LoRA,8240,0.16340800,0.13802252
MTP LoRA,8250,0.07195000,0.13125052
MTP LoRA,8260,0.14872900,0.13606280
MTP LoRA,8270,0.07417700,0.13542552
MTP LoRA,8280,0.00134000,0.13061360
MTP LoRA,8290,0.13527000,0.13405784
MTP LoRA,8300,0.00519800,0.13328252
MTP LoRA,8310,0.01529100,0.13123900
MTP LoRA,8320,0.04051100,0.13065560
MTP LoRA,8330,0.19432000,0.13496000
MTP LoRA,8340,0.11239400,0.13945576
MTP LoRA,8350,0.16524800,0.13875888
MTP LoRA,8360,0.05222100,0.13246972
MTP LoRA,8370,0.00157700,0.13184604
MTP LoRA,8380,0.18873900,0.13272480
MTP LoRA,8390,0.02359900,0.12493244
MTP LoRA,8400,0.11417000,0.12180060
MTP LoRA,8410,0.19124300,0.11749160
MTP LoRA,8420,0.23142700,0.12096384
MTP LoRA,8430,0.16913900,0.11858372
MTP LoRA,8440,0.16422100,0.11063656
MTP LoRA,8450,0.17708800,0.11770620
MTP LoRA,8460,0.17833300,0.11750888
MTP LoRA,8470,0.08299400,0.12065124
MTP LoRA,8480,0.09958800,0.11208700
MTP LoRA,8490,0.07459100,0.10853432
MTP LoRA,8500,0.18657100,0.11311916
MTP LoRA,8510,0.16806000,0.11389240
MTP LoRA,8520,0.01291200,0.11144180
MTP LoRA,8530,0.05912200,0.11375308
MTP LoRA,8540,0.27300000,0.11926228
MTP LoRA,8550,0.02889600,0.12021020
MTP LoRA,8560,0.24086700,0.12923324
MTP LoRA,8570,0.23532300,0.13702572
MTP LoRA,8580,0.20332700,0.13738600
MTP LoRA,8590,0.24406700,0.14265292
MTP LoRA,8600,0.08869300,0.13959072
MTP LoRA,8610,0.13378500,0.14285328
MTP LoRA,8620,0.01311100,0.14331464
MTP LoRA,8630,0.07456400,0.13874764
MTP LoRA,8640,0.09408300,0.14156700
MTP LoRA,8650,0.02835700,0.13813448
MTP LoRA,8660,0.07014000,0.13329036
MTP LoRA,8670,0.03455300,0.12541540
MTP LoRA,8680,0.30545600,0.13086808
MTP LoRA,8690,0.11120200,0.12874732
MTP LoRA,8700,0.05862500,0.12400880
MTP LoRA,8710,0.06042100,0.11929232
MTP LoRA,8720,0.25758300,0.12627588
MTP LoRA,8730,0.01229600,0.12278420
MTP LoRA,8740,0.15389600,0.12595640
MTP LoRA,8750,0.14047800,0.12411268
MTP LoRA,8760,0.17487100,0.12438512
MTP LoRA,8770,0.11354000,0.12841024
MTP LoRA,8780,0.07520300,0.12905348
MTP LoRA,8790,0.14668700,0.12400096
MTP LoRA,8800,0.09844800,0.12678304
MTP LoRA,8810,0.04629100,0.11900000
MTP LoRA,8820,0.05076700,0.11161776
MTP LoRA,8830,0.18386200,0.11083916
MTP LoRA,8840,0.15156700,0.10713916
MTP LoRA,8850,0.14970500,0.10957964
MTP LoRA,8860,0.06240900,0.10672460
MTP LoRA,8870,0.00566800,0.10642688
MTP LoRA,8880,0.07195700,0.10632260
MTP LoRA,8890,0.08967300,0.10614620
MTP LoRA,8900,0.16452800,0.11159304
MTP LoRA,8910,0.00031800,0.10880016
MTP LoRA,8920,0.00615400,0.10766420
MTP LoRA,8930,0.15313300,0.10157128
MTP LoRA,8940,0.20806900,0.10544596
MTP LoRA,8950,0.01763400,0.10380632
MTP LoRA,8960,0.09003600,0.10499092
MTP LoRA,8970,0.15169200,0.10075528
MTP LoRA,8980,0.00751800,0.10056416
MTP LoRA,8990,0.02335500,0.09534252
MTP LoRA,9000,0.19742300,0.09762032
MTP LoRA,9010,0.00292200,0.09074236
MTP LoRA,9020,0.07494400,0.08919852
MTP LoRA,9030,0.11818300,0.09091772
MTP LoRA,9040,0.15698000,0.09132944
MTP LoRA,9050,0.11187000,0.09186632
MTP LoRA,9060,0.27503100,0.10101592
MTP LoRA,9070,0.18696900,0.10646400
MoE LoRA,10,0.05135300,0.05135300
MoE LoRA,20,0.02791200,0.03963250
MoE LoRA,30,0.18106100,0.08677533
MoE LoRA,40,0.08197300,0.08557475
MoE LoRA,50,0.02788300,0.07403640
MoE LoRA,60,0.00217900,0.06206017
MoE LoRA,70,0.09861900,0.06728286
MoE LoRA,80,0.04052500,0.06393812
MoE LoRA,90,0.01407300,0.05839756
MoE LoRA,100,0.05621700,0.05817950
MoE LoRA,110,0.01885800,0.05460482
MoE LoRA,120,0.02039200,0.05175375
MoE LoRA,130,0.08034700,0.05395323
MoE LoRA,140,0.04641100,0.05341450
MoE LoRA,150,0.01677600,0.05097193
MoE LoRA,160,0.02097800,0.04909731
MoE LoRA,170,0.03664300,0.04836471
MoE LoRA,180,0.03037100,0.04736506
MoE LoRA,190,0.00513400,0.04514237
MoE LoRA,200,0.00792900,0.04328170
MoE LoRA,210,0.02440900,0.04238300
MoE LoRA,220,0.08081300,0.04412982
MoE LoRA,230,0.00884700,0.04259578
MoE LoRA,240,0.03310600,0.04220038
MoE LoRA,250,0.04085000,0.04214636
MoE LoRA,260,0.10513100,0.04429748
MoE LoRA,270,0.12880900,0.04833336
MoE LoRA,280,0.00741800,0.04138764
MoE LoRA,290,0.05266300,0.04021524
MoE LoRA,300,0.00000000,0.03909992
MoE LoRA,310,0.04859700,0.04095664
MoE LoRA,320,0.00570800,0.03724020
MoE LoRA,330,0.06436800,0.03819392
MoE LoRA,340,0.09746100,0.04152944
MoE LoRA,350,0.00486300,0.03947528
MoE LoRA,360,0.01064000,0.03914656
MoE LoRA,370,0.03578400,0.03976224
MoE LoRA,380,0.02696800,0.03762708
MoE LoRA,390,0.17092100,0.04260748
MoE LoRA,400,0.04629300,0.04378816
MoE LoRA,410,0.06518800,0.04555656
MoE LoRA,420,0.05227500,0.04618184
MoE LoRA,430,0.01222900,0.04545616
MoE LoRA,440,0.00851300,0.04559132
MoE LoRA,450,0.00547000,0.04549296
MoE LoRA,460,0.16276000,0.05102700
MoE LoRA,470,0.03976600,0.04938512
MoE LoRA,480,0.07065600,0.05185748
MoE LoRA,490,0.05969700,0.05292112
MoE LoRA,500,0.05061500,0.05331172
MoE LoRA,510,0.06477200,0.05169736
MoE LoRA,520,0.21317100,0.05507184
MoE LoRA,530,0.00160300,0.05483924
MoE LoRA,540,0.09631700,0.05658540
MoE LoRA,550,0.15259600,0.06268924
MoE LoRA,560,0.00208400,0.06082872
MoE LoRA,570,0.11174700,0.06507028
MoE LoRA,580,0.14919100,0.06846320
MoE LoRA,590,0.01128000,0.06501596
MoE LoRA,600,0.07727400,0.06791240
MoE LoRA,610,0.10279700,0.07159868
MoE LoRA,620,0.16833700,0.07690080
MoE LoRA,630,0.04916900,0.07778884
MoE LoRA,640,0.06882400,0.07370496
MoE LoRA,650,0.17343600,0.07879068
MoE LoRA,660,0.12339100,0.08111880
MoE LoRA,670,0.03320400,0.08035596
MoE LoRA,680,0.18874800,0.08741672
MoE LoRA,690,0.01204500,0.08755800
MoE LoRA,700,0.02226500,0.08822980
MoE LoRA,710,0.32502300,0.09472032
MoE LoRA,720,0.11803700,0.09785116
MoE LoRA,730,0.12395900,0.09998328
MoE LoRA,740,0.03639400,0.09905116
MoE LoRA,750,0.11885400,0.10178072
MoE LoRA,760,0.03432100,0.10056268
MoE LoRA,770,0.00048000,0.09205504
MoE LoRA,780,0.11584200,0.09662460
MoE LoRA,790,0.04500200,0.09457200
MoE LoRA,800,0.03996200,0.09006664
MoE LoRA,810,0.02799600,0.09110312
MoE LoRA,820,0.00990100,0.08702928
MoE LoRA,830,0.03559200,0.08248532
MoE LoRA,840,0.08947600,0.08561316
MoE LoRA,850,0.01179300,0.08299392
MoE LoRA,860,0.07045500,0.08170024
MoE LoRA,870,0.13069000,0.08019436
MoE LoRA,880,0.01841500,0.07896420
MoE LoRA,890,0.00359900,0.07635520
MoE LoRA,900,0.03229200,0.07070944
MoE LoRA,910,0.00501000,0.06597420
MoE LoRA,920,0.08519200,0.06805372
MoE LoRA,930,0.00871100,0.06085224
MoE LoRA,940,0.00915400,0.06073660
MoE LoRA,950,0.11914400,0.06461176
MoE LoRA,960,0.01654200,0.05227252
MoE LoRA,970,0.01460900,0.04813540
MoE LoRA,980,0.01822900,0.04390620
MoE LoRA,990,0.03558900,0.04387400
MoE LoRA,1000,0.06045100,0.04153788
MoE LoRA,1010,0.00400500,0.04032524
MoE LoRA,1020,0.06893000,0.04306324
MoE LoRA,1030,0.00958100,0.03881280
MoE LoRA,1040,0.15813300,0.04333804
MoE LoRA,1050,0.05134800,0.04379348
MoE LoRA,1060,0.08597400,0.04611260
MoE LoRA,1070,0.14357900,0.05145972
MoE LoRA,1080,0.06502200,0.05263692
MoE LoRA,1090,0.09571100,0.05288632
MoE LoRA,1100,0.05788300,0.05472992
MoE LoRA,1110,0.02023500,0.05272112
MoE LoRA,1120,0.14811100,0.05341796
MoE LoRA,1130,0.00941900,0.05305812
MoE LoRA,1140,0.11228200,0.05740544
MoE LoRA,1150,0.12460800,0.06109808
MoE LoRA,1160,0.10992500,0.06529468
MoE LoRA,1170,0.24657100,0.07174984
MoE LoRA,1180,0.00245100,0.07149944
MoE LoRA,1190,0.14229900,0.07682524
MoE LoRA,1200,0.06487100,0.07465432
MoE LoRA,1210,0.08595900,0.07743100
MoE LoRA,1220,0.00461600,0.07703128
MoE LoRA,1230,0.08153300,0.07956344
MoE LoRA,1240,0.02667900,0.07920704
MoE LoRA,1250,0.00636600,0.07704364
MoE LoRA,1260,0.22066600,0.08571008
MoE LoRA,1270,0.15549900,0.08917284
MoE LoRA,1280,0.02522200,0.08979848
MoE LoRA,1290,0.11775600,0.08818340
MoE LoRA,1300,0.02533200,0.08714276
MoE LoRA,1310,0.01580800,0.08433612
MoE LoRA,1320,0.12374500,0.08354276
MoE LoRA,1330,0.00406700,0.08110456
MoE LoRA,1340,0.00775400,0.07758628
MoE LoRA,1350,0.00815400,0.07559712
MoE LoRA,1360,0.00000000,0.07478772
MoE LoRA,1370,0.00153000,0.06892448
MoE LoRA,1380,0.02747400,0.06964668
MoE LoRA,1390,0.05782400,0.06746836
MoE LoRA,1400,0.04207000,0.06416684
MoE LoRA,1410,0.17817600,0.06689688
MoE LoRA,1420,0.06531300,0.05964656
MoE LoRA,1430,0.12321000,0.06447692
MoE LoRA,1440,0.15726600,0.06507560
MoE LoRA,1450,0.04496200,0.06427924
MoE LoRA,1460,0.11901800,0.06560160
MoE LoRA,1470,0.06874500,0.06816676
MoE LoRA,1480,0.03401200,0.06626592
MoE LoRA,1490,0.03963100,0.06678400
MoE LoRA,1500,0.02633400,0.06758272
MoE LoRA,1510,0.10452000,0.06293688
MoE LoRA,1520,0.03111300,0.05796144
MoE LoRA,1530,0.12432900,0.06192572
MoE LoRA,1540,0.11270800,0.06172380
MoE LoRA,1550,0.01949600,0.06149036
MoE LoRA,1560,0.07306700,0.06378072
MoE LoRA,1570,0.13235900,0.06412528
MoE LoRA,1580,0.03343400,0.06529996
MoE LoRA,1590,0.07542600,0.06800684
MoE LoRA,1600,0.01934200,0.06845436
MoE LoRA,1610,0.09940500,0.07243056
MoE LoRA,1620,0.07692100,0.07544620
MoE LoRA,1630,0.08323200,0.07767652
MoE LoRA,1640,0.00183800,0.07543708
MoE LoRA,1650,0.01165000,0.07422028
MoE LoRA,1660,0.08537300,0.07050816
MoE LoRA,1670,0.07787000,0.07101044
MoE LoRA,1680,0.01285700,0.06659632
MoE LoRA,1690,0.02213300,0.06119100
MoE LoRA,1700,0.10790500,0.06370872
MoE LoRA,1710,0.02985300,0.06014212
MoE LoRA,1720,0.08901100,0.06095276
MoE LoRA,1730,0.09117200,0.06323916
MoE LoRA,1740,0.00414900,0.06181988
MoE LoRA,1750,0.00655500,0.06102872
MoE LoRA,1760,0.00737800,0.05714304
MoE LoRA,1770,0.02567500,0.05692552
MoE LoRA,1780,0.00437300,0.05212728
MoE LoRA,1790,0.00923000,0.04798816
MoE LoRA,1800,0.20009700,0.05521220
MoE LoRA,1810,0.12296100,0.05720796
MoE LoRA,1820,0.14882200,0.05786648
MoE LoRA,1830,0.10324800,0.06065904
MoE LoRA,1840,0.02223600,0.05853144
MoE LoRA,1850,0.23993800,0.06735528
MoE LoRA,1860,0.01003300,0.06378040
MoE LoRA,1870,0.14385300,0.06645768
MoE LoRA,1880,0.19840900,0.07106476
MoE LoRA,1890,0.00870800,0.07133956
MoE LoRA,1900,0.19725700,0.07876384
MoE LoRA,1910,0.05741100,0.07764536
MoE LoRA,1920,0.20331200,0.08266304
MoE LoRA,1930,0.00883200,0.08250204
MoE LoRA,1940,0.05191600,0.08369336
MoE LoRA,1950,0.16609000,0.08602076
MoE LoRA,1960,0.02166900,0.08569340
MoE LoRA,1970,0.03881100,0.08368540
MoE LoRA,1980,0.01263400,0.08054388
MoE LoRA,1990,0.14870200,0.08632600
MoE LoRA,2000,0.15285000,0.09217780
MoE LoRA,2010,0.00697700,0.09216176
MoE LoRA,2020,0.06978600,0.09392620
MoE LoRA,2030,0.09930300,0.09772340
MoE LoRA,2040,0.05351500,0.09949480
MoE LoRA,2050,0.00432400,0.09166388
MoE LoRA,2060,0.05106800,0.08878816
MoE LoRA,2070,0.00084800,0.08286920
MoE LoRA,2080,0.11331800,0.08327200
MoE LoRA,2090,0.07659800,0.08544648
MoE LoRA,2100,0.04672700,0.07771804
MoE LoRA,2110,0.02329800,0.07824864
MoE LoRA,2120,0.06468100,0.07508176
MoE LoRA,2130,0.16620300,0.07379352
MoE LoRA,2140,0.13523400,0.07885456
MoE LoRA,2150,0.05943600,0.07334172
MoE LoRA,2160,0.00353900,0.07118684
MoE LoRA,2170,0.23291700,0.07237104
MoE LoRA,2180,0.06626700,0.07466844
MoE LoRA,2190,0.00094900,0.07262976
MoE LoRA,2200,0.13101300,0.07122668
MoE LoRA,2210,0.19032000,0.07797272
MoE LoRA,2220,0.02938000,0.07759548
MoE LoRA,2230,0.20139100,0.08514576
MoE LoRA,2240,0.04465700,0.08098396
MoE LoRA,2250,0.17461800,0.08185468
MoE LoRA,2260,0.03021600,0.08278424
MoE LoRA,2270,0.01878500,0.08074420
MoE LoRA,2280,0.04208400,0.07845544
MoE LoRA,2290,0.03828700,0.07784632
MoE LoRA,2300,0.01148700,0.07813284
MoE LoRA,2310,0.01171300,0.07655864
MoE LoRA,2320,0.06057100,0.07894756
MoE LoRA,2330,0.08959000,0.07799844
MoE LoRA,2340,0.01580600,0.07556676
MoE LoRA,2350,0.09976100,0.07768812
MoE LoRA,2360,0.12459300,0.08173992
MoE LoRA,2370,0.01026100,0.07956312
MoE LoRA,2380,0.01256700,0.07341768
MoE LoRA,2390,0.10257500,0.07211132
MoE LoRA,2400,0.20425800,0.07790420
MoE LoRA,2410,0.12613300,0.08280796
MoE LoRA,2420,0.27965200,0.08467736
MoE LoRA,2430,0.06201100,0.08450712
MoE LoRA,2440,0.00321500,0.08459776
MoE LoRA,2450,0.06706400,0.08203980
MoE LoRA,2460,0.10002700,0.07842808
MoE LoRA,2470,0.03843500,0.07879028
MoE LoRA,2480,0.00638900,0.07099020
MoE LoRA,2490,0.01123600,0.06965336
MoE LoRA,2500,0.01812800,0.06339376
MoE LoRA,2510,0.01632500,0.06283812
MoE LoRA,2520,0.07141100,0.06494316
MoE LoRA,2530,0.01898900,0.06401936
MoE LoRA,2540,0.17451600,0.06946852
MoE LoRA,2550,0.09938800,0.07298456
MoE LoRA,2560,0.06885400,0.07527020
MoE LoRA,2570,0.02588900,0.07388292
MoE LoRA,2580,0.02663500,0.07136472
MoE LoRA,2590,0.05167500,0.07279948
MoE LoRA,2600,0.01564200,0.06943472
MoE LoRA,2610,0.03838700,0.06598648
MoE LoRA,2620,0.03057700,0.06679912
MoE LoRA,2630,0.10687800,0.07057156
MoE LoRA,2640,0.09887300,0.07042348
MoE LoRA,2650,0.00985000,0.06264716
MoE LoRA,2660,0.03646700,0.05906052
MoE LoRA,2670,0.02614300,0.04892016
MoE LoRA,2680,0.10190100,0.05051576
MoE LoRA,2690,0.02630300,0.05143928
MoE LoRA,2700,0.03385400,0.05011088
MoE LoRA,2710,0.21203100,0.05459104
MoE LoRA,2720,0.05159300,0.05511736
MoE LoRA,2730,0.00206600,0.05494444
MoE LoRA,2740,0.07301100,0.05741544
MoE LoRA,2750,0.01097800,0.05712944
MoE LoRA,2760,0.00027500,0.05648744
MoE LoRA,2770,0.03948600,0.05521044
MoE LoRA,2780,0.01842400,0.05518784
MoE LoRA,2790,0.08152700,0.05146828
MoE LoRA,2800,0.17065800,0.05431908
MoE LoRA,2810,0.05992000,0.05396172
MoE LoRA,2820,0.10081800,0.05695888
MoE LoRA,2830,0.17540600,0.06290972
MoE LoRA,2840,0.06456500,0.06342532
MoE LoRA,2850,0.12081400,0.06763220
MoE LoRA,2860,0.00184600,0.06617056
MoE LoRA,2870,0.27980900,0.07613984
MoE LoRA,2880,0.03100700,0.07310500
MoE LoRA,2890,0.21645600,0.07780832
MoE LoRA,2900,0.22407200,0.08637720
MoE LoRA,2910,0.01098000,0.08535772
MoE LoRA,2920,0.13473700,0.08970148
MoE LoRA,2930,0.04132300,0.08727836
MoE LoRA,2940,0.06565700,0.08885252
MoE LoRA,2950,0.19838900,0.09543392
MoE LoRA,2960,0.15141500,0.09300928
MoE LoRA,2970,0.20841500,0.09928216
MoE LoRA,2980,0.07672300,0.10226844
MoE LoRA,2990,0.24784800,0.10926192
MoE LoRA,3000,0.05231500,0.11091540
MoE LoRA,3010,0.01018700,0.11131188
MoE LoRA,3020,0.03602600,0.11117348
MoE LoRA,3030,0.04865600,0.11238276
MoE LoRA,3040,0.08990100,0.11271772
MoE LoRA,3050,0.08295200,0.10920948
MoE LoRA,3060,0.03628600,0.10826412
MoE LoRA,3070,0.04781300,0.10614392
MoE LoRA,3080,0.05627200,0.10137856
MoE LoRA,3090,0.01341000,0.09933236
MoE LoRA,3100,0.04906000,0.09646220
MoE LoRA,3110,0.13497700,0.10178744
MoE LoRA,3120,0.09034100,0.09420872
MoE LoRA,3130,0.08302600,0.09628948
MoE LoRA,3140,0.01225200,0.08812132
MoE LoRA,3150,0.00310700,0.07928272
MoE LoRA,3160,0.09339500,0.08257932
MoE LoRA,3170,0.03082200,0.07842272
MoE LoRA,3180,0.03021100,0.07797824
MoE LoRA,3190,0.02899900,0.07651192
MoE LoRA,3200,0.07974300,0.07176608
MoE LoRA,3210,0.05475700,0.06789976
MoE LoRA,3220,0.03031000,0.06077556
MoE LoRA,3230,0.13502500,0.06310764
MoE LoRA,3240,0.05031100,0.05520616
MoE LoRA,3250,0.05851000,0.05545396
MoE LoRA,3260,0.00788600,0.05536192
MoE LoRA,3270,0.04953600,0.05590232
MoE LoRA,3280,0.17280800,0.06086840
MoE LoRA,3290,0.02559100,0.05829600
MoE LoRA,3300,0.00813200,0.05530320
MoE LoRA,3310,0.00797100,0.05417060
MoE LoRA,3320,0.00258700,0.05236156
MoE LoRA,3330,0.04136300,0.05176520
MoE LoRA,3340,0.02510300,0.05223292
MoE LoRA,3350,0.01918400,0.05103788
MoE LoRA,3360,0.01166900,0.04610556
MoE LoRA,3370,0.02750000,0.04359192
MoE LoRA,3380,0.00958100,0.04065412
MoE LoRA,3390,0.19022100,0.04777288
MoE LoRA,3400,0.07857900,0.05079176
MoE LoRA,3410,0.06660800,0.04972028
MoE LoRA,3420,0.07993400,0.05168476
MoE LoRA,3430,0.01961200,0.05126080
MoE LoRA,3440,0.02260000,0.05100484
MoE LoRA,3450,0.14189500,0.05349092
MoE LoRA,3460,0.04674100,0.05317028
MoE LoRA,3470,0.03015600,0.05316412
MoE LoRA,3480,0.05027700,0.04977420
MoE LoRA,3490,0.00504700,0.04796364
MoE LoRA,3500,0.00091200,0.04565972
MoE LoRA,3510,0.10623700,0.04959376
MoE LoRA,3520,0.16136900,0.05406708
MoE LoRA,3530,0.07093100,0.04999200
MoE LoRA,3540,0.04442900,0.05074552
MoE LoRA,3550,0.04547200,0.05223912
MoE LoRA,3560,0.10572900,0.05614944
MoE LoRA,3570,0.00668400,0.05631332
MoE LoRA,3580,0.16856800,0.06140152
MoE LoRA,3590,0.07095800,0.06323572
MoE LoRA,3600,0.06863600,0.06521380
MoE LoRA,3610,0.02194500,0.06562484
MoE LoRA,3620,0.08217200,0.06781172
MoE LoRA,3630,0.00619900,0.06767644
MoE LoRA,3640,0.08147100,0.06332644
MoE LoRA,3650,0.05159700,0.06224716
MoE LoRA,3660,0.03066800,0.06080956
MoE LoRA,3670,0.00356600,0.05775484
MoE LoRA,3680,0.05043700,0.05898784
MoE LoRA,3690,0.02688000,0.05915904
MoE LoRA,3700,0.11451700,0.05806392
MoE LoRA,3710,0.00887800,0.05654940
MoE LoRA,3720,0.03626700,0.05679384
MoE LoRA,3730,0.05717900,0.05706992
MoE LoRA,3740,0.06076600,0.05929868
MoE LoRA,3750,0.23282100,0.06857504
MoE LoRA,3760,0.05296000,0.06644396
MoE LoRA,3770,0.02046100,0.06080764
MoE LoRA,3780,0.09192900,0.06164756
MoE LoRA,3790,0.04662500,0.06173540
MoE LoRA,3800,0.16278900,0.06642808
MoE LoRA,3810,0.01195900,0.06267728
MoE LoRA,3820,0.07958300,0.06559324
MoE LoRA,3830,0.24860800,0.06879484
MoE LoRA,3840,0.21283600,0.07446996
MoE LoRA,3850,0.00619900,0.07197248
MoE LoRA,3860,0.00811500,0.07141928
MoE LoRA,3870,0.19081300,0.07576492
MoE LoRA,3880,0.04273800,0.07722648
MoE LoRA,3890,0.09564800,0.07779356
MoE LoRA,3900,0.09420600,0.07949792
MoE LoRA,3910,0.14467800,0.08405832
MoE LoRA,3920,0.04637700,0.08577076
MoE LoRA,3930,0.07561800,0.08677800
MoE LoRA,3940,0.22436800,0.09467752
MoE LoRA,3950,0.08423800,0.09346636
MoE LoRA,3960,0.07840200,0.09624732
MoE LoRA,3970,0.06647400,0.09745560
MoE LoRA,3980,0.04898800,0.09712796
MoE LoRA,3990,0.11132500,0.09915032
MoE LoRA,4000,0.04764100,0.09174312
MoE LoRA,4010,0.00739600,0.08992056
MoE LoRA,4020,0.10071400,0.09313068
MoE LoRA,4030,0.01611600,0.09009816
MoE LoRA,4040,0.01719800,0.08892108
MoE LoRA,4050,0.01039500,0.08282532
MoE LoRA,4060,0.18134600,0.08960080
MoE LoRA,4070,0.12906000,0.09157988
MoE LoRA,4080,0.00585100,0.08186960
MoE LoRA,4090,0.16876400,0.08010672
MoE LoRA,4100,0.09952900,0.08383992
MoE LoRA,4110,0.03387900,0.08487048
MoE LoRA,4120,0.07713200,0.08032324
MoE LoRA,4130,0.04689200,0.08048940
MoE LoRA,4140,0.00978300,0.07705480
MoE LoRA,4150,0.12507300,0.07828948
MoE LoRA,4160,0.05824300,0.07483208
MoE LoRA,4170,0.00875000,0.07332700
MoE LoRA,4180,0.03911000,0.07186668
MoE LoRA,4190,0.05346100,0.06503040
MoE LoRA,4200,0.03070100,0.06288892
MoE LoRA,4210,0.01877500,0.06050384
MoE LoRA,4220,0.07131700,0.06069756
MoE LoRA,4230,0.05191100,0.06081448
MoE LoRA,4240,0.09486300,0.06015600
MoE LoRA,4250,0.02379600,0.05920220
MoE LoRA,4260,0.07396300,0.06186488
MoE LoRA,4270,0.07773700,0.06094580
MoE LoRA,4280,0.15543900,0.06651872
MoE LoRA,4290,0.01525500,0.06644100
MoE LoRA,4300,0.05287200,0.06814008
MoE LoRA,4310,0.01575200,0.06151632
MoE LoRA,4320,0.02522300,0.05736284
MoE LoRA,4330,0.01725400,0.05781896
MoE LoRA,4340,0.14160300,0.05673252
MoE LoRA,4350,0.15120000,0.05879936
MoE LoRA,4360,0.08963500,0.06102960
MoE LoRA,4370,0.03251100,0.05924476
MoE LoRA,4380,0.09821500,0.06129768
MoE LoRA,4390,0.06987500,0.06370136
MoE LoRA,4400,0.00745200,0.05899652
MoE LoRA,4410,0.10059200,0.06069048
MoE LoRA,4420,0.24345100,0.07007852
MoE LoRA,4430,0.27401300,0.07947464
MoE LoRA,4440,0.05482100,0.07952904
MoE LoRA,4450,0.00593100,0.07853824
MoE LoRA,4460,0.04588000,0.07962244
MoE LoRA,4470,0.00386500,0.07692436
MoE LoRA,4480,0.11499700,0.07944780
MoE LoRA,4490,0.02320300,0.07658140
MoE LoRA,4500,0.07512600,0.07863460
MoE LoRA,4510,0.03596900,0.07711484
MoE LoRA,4520,0.08666200,0.07747184
MoE LoRA,4530,0.00542000,0.07147108
MoE LoRA,4540,0.00098300,0.07090020
MoE LoRA,4550,0.05965500,0.07117152
MoE LoRA,4560,0.18146100,0.07779988
MoE LoRA,4570,0.00241400,0.07688752
MoE LoRA,4580,0.06227200,0.07868824
MoE LoRA,4590,0.10504400,0.07722588
MoE LoRA,4600,0.04735100,0.07307192
MoE LoRA,4610,0.08846300,0.07302504
MoE LoRA,4620,0.13351000,0.07706500
MoE LoRA,4630,0.14374500,0.07888620
MoE LoRA,4640,0.00907500,0.07645420
MoE LoRA,4650,0.08894000,0.07971372
MoE LoRA,4660,0.00238900,0.07578560
MoE LoRA,4670,0.16551400,0.07266812
MoE LoRA,4680,0.01776800,0.06241832
MoE LoRA,4690,0.04438200,0.06200076
MoE LoRA,4700,0.14963800,0.06774904
MoE LoRA,4710,0.04977800,0.06790496
MoE LoRA,4720,0.16689600,0.07442620
MoE LoRA,4730,0.00601900,0.07006708
MoE LoRA,4740,0.01623500,0.06978836
MoE LoRA,4750,0.14127900,0.07243448
MoE LoRA,4760,0.10730300,0.07528784
MoE LoRA,4770,0.01743200,0.07251864
MoE LoRA,4780,0.10894000,0.07665944
MoE LoRA,4790,0.07656900,0.07968288
MoE LoRA,4800,0.09032300,0.08090960
MoE LoRA,4810,0.08957600,0.07723420
MoE LoRA,4820,0.01973600,0.07792708
MoE LoRA,4830,0.00000000,0.07543620
MoE LoRA,4840,0.09017200,0.07484132
MoE LoRA,4850,0.03524200,0.07435696
MoE LoRA,4860,0.10246500,0.07491704
MoE LoRA,4870,0.08658000,0.07303984
MoE LoRA,4880,0.07126900,0.07014080
MoE LoRA,4890,0.13506500,0.07518040
MoE LoRA,4900,0.00995500,0.07202100
MoE LoRA,4910,0.01187600,0.07240048
MoE LoRA,4920,0.06915400,0.06854608
MoE LoRA,4930,0.04891200,0.06979184
MoE LoRA,4940,0.00771400,0.06832512
MoE LoRA,4950,0.10999000,0.06673920
MoE LoRA,4960,0.24063300,0.07437340
MoE LoRA,4970,0.04625200,0.06954764
MoE LoRA,4980,0.03830200,0.07083896
MoE LoRA,4990,0.01337500,0.07072456
MoE LoRA,5000,0.08478900,0.06846496
MoE LoRA,5010,0.13528200,0.06958412
MoE LoRA,5020,0.01313200,0.06941212
MoE LoRA,5030,0.03133600,0.06630796
MoE LoRA,5040,0.02282300,0.06415812
MoE LoRA,5050,0.02610000,0.06158920
MoE LoRA,5060,0.05603100,0.06024740
MoE LoRA,5070,0.13048200,0.06467724
MoE LoRA,5080,0.00499700,0.06487712
MoE LoRA,5090,0.06242800,0.06376736
MoE LoRA,5100,0.04217700,0.06404476
MoE LoRA,5110,0.03556000,0.06136856
MoE LoRA,5120,0.01413900,0.05847092
MoE LoRA,5130,0.02489700,0.05661604
MoE LoRA,5140,0.00801700,0.05153412
MoE LoRA,5150,0.12493700,0.05613340
MoE LoRA,5160,0.04371600,0.05740700
MoE LoRA,5170,0.18375700,0.06199112
MoE LoRA,5180,0.12516500,0.06504124
MoE LoRA,5190,0.05591100,0.06696912
MoE LoRA,5200,0.05542200,0.06478640
MoE LoRA,5210,0.05255700,0.05726336
MoE LoRA,5220,0.05155000,0.05747528
MoE LoRA,5230,0.04194400,0.05762096
MoE LoRA,5240,0.07513200,0.06009124
MoE LoRA,5250,0.02253900,0.05760124
MoE LoRA,5260,0.00577800,0.05242108
MoE LoRA,5270,0.13660800,0.05736012
MoE LoRA,5280,0.11544400,0.06072444
MoE LoRA,5290,0.02752300,0.06091244
MoE LoRA,5300,0.08121300,0.06311696
MoE LoRA,5310,0.05757600,0.06317876
MoE LoRA,5320,0.02497100,0.05895832
MoE LoRA,5330,0.09819200,0.06268612
MoE LoRA,5340,0.02970600,0.06137724
MoE LoRA,5350,0.12668600,0.06475760
MoE LoRA,5360,0.00054800,0.06335712
MoE LoRA,5370,0.00415500,0.06295776
MoE LoRA,5380,0.06012600,0.06436692
MoE LoRA,5390,0.11427300,0.06861716
MoE LoRA,5400,0.01597600,0.06425872
MoE LoRA,5410,0.09888400,0.06646544
MoE LoRA,5420,0.02949300,0.06029488
MoE LoRA,5430,0.13422100,0.06065712
MoE LoRA,5440,0.00445300,0.05859880
MoE LoRA,5450,0.11992000,0.06117872
MoE LoRA,5460,0.10967600,0.06346348
MoE LoRA,5470,0.10980000,0.06579348
MoE LoRA,5480,0.10570800,0.06834404
MoE LoRA,5490,0.00934400,0.06571252
MoE LoRA,5500,0.00458400,0.06499432
MoE LoRA,5510,0.04025700,0.06637348
MoE LoRA,5520,0.16024300,0.06731888
MoE LoRA,5530,0.08118700,0.06594860
MoE LoRA,5540,0.02100500,0.06568788
MoE LoRA,5550,0.08030200,0.06565144
MoE LoRA,5560,0.02992400,0.06454536
MoE LoRA,5570,0.03246700,0.06484520
MoE LoRA,5580,0.05287000,0.06303232
MoE LoRA,5590,0.07312000,0.06476888
MoE LoRA,5600,0.05736200,0.06199592
MoE LoRA,5610,0.06669200,0.06464168
MoE LoRA,5620,0.14909400,0.07043924
MoE LoRA,5630,0.01899900,0.06879416
MoE LoRA,5640,0.12425300,0.06919336
MoE LoRA,5650,0.05673200,0.07082360
MoE LoRA,5660,0.06564900,0.06949420
MoE LoRA,5670,0.05639200,0.07057016
MoE LoRA,5680,0.05342300,0.06733824
MoE LoRA,5690,0.09649700,0.07102000
MoE LoRA,5700,0.14348800,0.07196272
MoE LoRA,5710,0.10066600,0.07160232
MoE LoRA,5720,0.03872900,0.06875948
MoE LoRA,5730,0.07910100,0.06769520
MoE LoRA,5740,0.03553400,0.06874280
MoE LoRA,5750,0.11471500,0.07314804
MoE LoRA,5760,0.05929800,0.07390968
MoE LoRA,5770,0.05556200,0.06972244
MoE LoRA,5780,0.11443800,0.07105248
MoE LoRA,5790,0.00770300,0.07052040
MoE LoRA,5800,0.07851500,0.07044892
MoE LoRA,5810,0.02609800,0.07029588
MoE LoRA,5820,0.05320300,0.07112532
MoE LoRA,5830,0.04451600,0.07079116
MoE LoRA,5840,0.06705500,0.07054856
MoE LoRA,5850,0.00648900,0.06851364
MoE LoRA,5860,0.02478600,0.06683740
MoE LoRA,5870,0.04139000,0.06252924
MoE LoRA,5880,0.02950900,0.06294964
MoE LoRA,5890,0.13473200,0.06336880
MoE LoRA,5900,0.10725100,0.06538956
MoE LoRA,5910,0.01611000,0.06340800
MoE LoRA,5920,0.17681800,0.06822504
MoE LoRA,5930,0.11583600,0.07072156
MoE LoRA,5940,0.08535900,0.07027604
MoE LoRA,5950,0.03935000,0.06611052
MoE LoRA,5960,0.12705300,0.06716600
MoE LoRA,5970,0.02588900,0.06665240
MoE LoRA,5980,0.00731800,0.06378108
MoE LoRA,5990,0.04617600,0.06420676
MoE LoRA,6000,0.03952200,0.06119904
MoE LoRA,6010,0.04790700,0.06074340
MoE LoRA,6020,0.03070600,0.05974916
MoE LoRA,6030,0.04593300,0.05700896
MoE LoRA,6040,0.14777700,0.06261192
MoE LoRA,6050,0.00670600,0.05973956
MoE LoRA,6060,0.03398000,0.06005484
MoE LoRA,6070,0.06693900,0.06060428
MoE LoRA,6080,0.08814800,0.06234956
MoE LoRA,6090,0.04006700,0.06127004
MoE LoRA,6100,0.16825400,0.06774064
MoE LoRA,6110,0.04410900,0.06851356
MoE LoRA,6120,0.01313800,0.06738348
MoE LoRA,6130,0.15603800,0.07244464
MoE LoRA,6140,0.00077500,0.06708636
MoE LoRA,6150,0.33890300,0.07635244
MoE LoRA,6160,0.15841400,0.08204460
MoE LoRA,6170,0.03254300,0.07627360
MoE LoRA,6180,0.02670000,0.07270816
MoE LoRA,6190,0.00055700,0.06931608
MoE LoRA,6200,0.04525300,0.06955220
MoE LoRA,6210,0.06927300,0.06724100
MoE LoRA,6220,0.17882200,0.07335832
MoE LoRA,6230,0.03068100,0.07429284
MoE LoRA,6240,0.15575200,0.07867588
MoE LoRA,6250,0.01555900,0.07771736
MoE LoRA,6260,0.04231000,0.07749348
MoE LoRA,6270,0.06739300,0.07896096
MoE LoRA,6280,0.00854400,0.07746540
MoE LoRA,6290,0.02762900,0.07265948
MoE LoRA,6300,0.07680900,0.07546360
MoE LoRA,6310,0.09427400,0.07787536
MoE LoRA,6320,0.04627100,0.07704864
MoE LoRA,6330,0.15494500,0.07972052
MoE LoRA,6340,0.10698400,0.08239720
MoE LoRA,6350,0.02248100,0.07656628
MoE LoRA,6360,0.16121800,0.08125064
MoE LoRA,6370,0.03143100,0.08198236
MoE LoRA,6380,0.01312200,0.07626572
MoE LoRA,6390,0.03566800,0.07766144
MoE LoRA,6400,0.07980700,0.06729760
MoE LoRA,6410,0.01717300,0.06164796
MoE LoRA,6420,0.00698300,0.06062556
MoE LoRA,6430,0.12907000,0.06472036
MoE LoRA,6440,0.09118100,0.06834532
MoE LoRA,6450,0.03499900,0.06793516
MoE LoRA,6460,0.04493500,0.06696164
MoE LoRA,6470,0.03397400,0.06116772
MoE LoRA,6480,0.00463200,0.06012576
MoE LoRA,6490,0.02576500,0.05492628
MoE LoRA,6500,0.15704900,0.06058588
MoE LoRA,6510,0.08678100,0.06236472
MoE LoRA,6520,0.00960000,0.06005300
MoE LoRA,6530,0.14439100,0.06548688
MoE LoRA,6540,0.03742900,0.06587888
MoE LoRA,6550,0.01502700,0.06340760
MoE LoRA,6560,0.14478400,0.06542800
MoE LoRA,6570,0.12068000,0.06840436
MoE LoRA,6580,0.12120800,0.06705488
MoE LoRA,6590,0.00035300,0.06278964
MoE LoRA,6600,0.04881500,0.06384300
MoE LoRA,6610,0.01103200,0.05783556
MoE LoRA,6620,0.04371900,0.05832708
MoE LoRA,6630,0.00000000,0.05780220
MoE LoRA,6640,0.04329300,0.05810720
MoE LoRA,6650,0.11262600,0.05941996
MoE LoRA,6660,0.00651800,0.05899376
MoE LoRA,6670,0.07584900,0.06174840
MoE LoRA,6680,0.00136700,0.05664028
MoE LoRA,6690,0.01654700,0.05365492
MoE LoRA,6700,0.00187600,0.05233000
MoE LoRA,6710,0.04327500,0.05226360
MoE LoRA,6720,0.10783400,0.05521800
MoE LoRA,6730,0.00289500,0.05514852
MoE LoRA,6740,0.29375500,0.06586812
MoE LoRA,6750,0.02741800,0.06068288
MoE LoRA,6760,0.00711200,0.05749612
MoE LoRA,6770,0.02402700,0.05807320
MoE LoRA,6780,0.03629700,0.05374944
MoE LoRA,6790,0.02452200,0.05323316
MoE LoRA,6800,0.03927700,0.05420316
MoE LoRA,6810,0.08972600,0.05200084
MoE LoRA,6820,0.12261500,0.05207824
MoE LoRA,6830,0.10525200,0.05144000
MoE LoRA,6840,0.00149900,0.05148584
MoE LoRA,6850,0.05577300,0.05176416
MoE LoRA,6860,0.00295800,0.05144120
MoE LoRA,6870,0.04388000,0.05144764
MoE LoRA,6880,0.04330500,0.05317984
MoE LoRA,6890,0.05077300,0.05347904
MoE LoRA,6900,0.09475000,0.05276400
MoE LoRA,6910,0.06107800,0.05494640
MoE LoRA,6920,0.05667900,0.05417960
MoE LoRA,6930,0.10825800,0.05845524
MoE LoRA,6940,0.07355300,0.06073548
MoE LoRA,6950,0.07468000,0.06364764
MoE LoRA,6960,0.01334700,0.06245052
MoE LoRA,6970,0.14912700,0.06410224
MoE LoRA,6980,0.02323500,0.06491584
MoE LoRA,6990,0.01331100,0.05369808
MoE LoRA,7000,0.07216600,0.05548800
MoE LoRA,7010,0.09575200,0.05903360
MoE LoRA,7020,0.11750700,0.06277280
MoE LoRA,7030,0.05586500,0.06355552
MoE LoRA,7040,0.00166400,0.06264120
MoE LoRA,7050,0.10344300,0.06520784
MoE LoRA,7060,0.00160300,0.06168292
MoE LoRA,7070,0.05629700,0.05903020
MoE LoRA,7080,0.12215700,0.05970640
MoE LoRA,7090,0.01393100,0.06020368
MoE LoRA,7100,0.04443700,0.05975024
MoE LoRA,7110,0.04854400,0.06157368
MoE LoRA,7120,0.01204100,0.06030012
MoE LoRA,7130,0.12620100,0.06361596
MoE LoRA,7140,0.03100100,0.06282508
MoE LoRA,7150,0.00076500,0.05906568
MoE LoRA,7160,0.03492400,0.05801952
MoE LoRA,7170,0.02485800,0.05674668
MoE LoRA,7180,0.03692500,0.05389336
MoE LoRA,7190,0.14961400,0.05693580
MoE LoRA,7200,0.08498900,0.05734816
MoE LoRA,7210,0.12247100,0.06171312
MoE LoRA,7220,0.10865800,0.06009436
MoE LoRA,7230,0.01853100,0.05990620
MoE LoRA,7240,0.25825700,0.06970404
MoE LoRA,7250,0.14554400,0.07263916
MoE LoRA,7260,0.00382300,0.06896200
MoE LoRA,7270,0.03177300,0.06553264
MoE LoRA,7280,0.10072200,0.06732692
MoE LoRA,7290,0.11313700,0.07178584
MoE LoRA,7300,0.09413200,0.07141340
MoE LoRA,7310,0.09137600,0.07500432
MoE LoRA,7320,0.01092800,0.07318956
MoE LoRA,7330,0.05300100,0.07042332
MoE LoRA,7340,0.02484600,0.07085992
MoE LoRA,7350,0.00000000,0.06908244
MoE LoRA,7360,0.13519300,0.07254840
MoE LoRA,7370,0.07439500,0.07504256
MoE LoRA,7380,0.04428500,0.07176592
MoE LoRA,7390,0.12574800,0.07555580
MoE LoRA,7400,0.05126900,0.07757596
MoE LoRA,7410,0.03843300,0.07771632
MoE LoRA,7420,0.05917500,0.07908900
MoE LoRA,7430,0.11901000,0.08237240
MoE LoRA,7440,0.01193800,0.07686536
MoE LoRA,7450,0.01890300,0.07422192
MoE LoRA,7460,0.17681000,0.07639548
MoE LoRA,7470,0.07184800,0.07492308
MoE LoRA,7480,0.02467800,0.07516896
MoE LoRA,7490,0.09513600,0.06864412
MoE LoRA,7500,0.21660500,0.07148656
MoE LoRA,7510,0.13792800,0.07685076
MoE LoRA,7520,0.04877700,0.07753092
MoE LoRA,7530,0.01775200,0.07421212
MoE LoRA,7540,0.01324300,0.07021636
MoE LoRA,7550,0.01240700,0.06694736
MoE LoRA,7560,0.01236800,0.06378704
MoE LoRA,7570,0.08567700,0.06677700
MoE LoRA,7580,0.14335000,0.07039096
MoE LoRA,7590,0.00251100,0.06949756
MoE LoRA,7600,0.13342000,0.07483436
MoE LoRA,7610,0.02810300,0.07055076
MoE LoRA,7620,0.08382700,0.07092804
MoE LoRA,7630,0.06976500,0.07194724
MoE LoRA,7640,0.00510600,0.06712156
MoE LoRA,7650,0.10249400,0.06917056
MoE LoRA,7660,0.02254700,0.06853512
MoE LoRA,7670,0.00934100,0.06654176
MoE LoRA,7680,0.07836500,0.06491596
MoE LoRA,7690,0.11912700,0.06920352
MoE LoRA,7700,0.15065200,0.07447348
MoE LoRA,7710,0.12510100,0.07240512
MoE LoRA,7720,0.17994500,0.07672900
MoE LoRA,7730,0.02642300,0.07679880
MoE LoRA,7740,0.01927600,0.07376440
MoE LoRA,7750,0.03288500,0.06641560
MoE LoRA,7760,0.10149400,0.06495824
MoE LoRA,7770,0.12275600,0.06791740
MoE LoRA,7780,0.00668400,0.06747468
MoE LoRA,7790,0.00206900,0.06702772
MoE LoRA,7800,0.02594900,0.06756940
MoE LoRA,7810,0.12903000,0.07223588
MoE LoRA,7820,0.05480000,0.07100080
MoE LoRA,7830,0.07166900,0.06813356
MoE LoRA,7840,0.05123300,0.07008244
MoE LoRA,7850,0.05228700,0.06683712
MoE LoRA,7860,0.00236300,0.06580752
MoE LoRA,7870,0.23860300,0.07199856
MoE LoRA,7880,0.04313100,0.07093320
MoE LoRA,7890,0.04682300,0.07260188
MoE LoRA,7900,0.00000000,0.06850212
MoE LoRA,7910,0.11699900,0.07228020
MoE LoRA,7920,0.01445200,0.07248464
MoE LoRA,7930,0.03065100,0.07057608
MoE LoRA,7940,0.04278100,0.06752224
MoE LoRA,7950,0.21411500,0.07006076
MoE LoRA,7960,0.06482300,0.06764964
MoE LoRA,7970,0.08818700,0.06397932
MoE LoRA,7980,0.19897400,0.07088136
MoE LoRA,7990,0.07662500,0.07317532
MoE LoRA,8000,0.12005600,0.07666216
MoE LoRA,8010,0.13390600,0.07795864
MoE LoRA,8020,0.01544200,0.07366608
MoE LoRA,8030,0.00120700,0.07344700
MoE LoRA,8040,0.03041900,0.07458100
MoE LoRA,8050,0.08534300,0.07695676
MoE LoRA,8060,0.07393900,0.07475312
MoE LoRA,8070,0.00888800,0.07291664
MoE LoRA,8080,0.04490500,0.07184608
MoE LoRA,8090,0.01188900,0.07027232
MoE LoRA,8100,0.01890700,0.06893712
MoE LoRA,8110,0.01995400,0.06964076
MoE LoRA,8120,0.00348900,0.06023620
MoE LoRA,8130,0.02622500,0.05955996
MoE LoRA,8140,0.10696800,0.06196576
MoE LoRA,8150,0.00195600,0.06204400
MoE LoRA,8160,0.14556200,0.06318652
MoE LoRA,8170,0.01760300,0.06331256
MoE LoRA,8180,0.07801400,0.06520708
MoE LoRA,8190,0.04388500,0.06525124
MoE LoRA,8200,0.04698000,0.05856584
MoE LoRA,8210,0.00167700,0.05604000
MoE LoRA,8220,0.14512800,0.05831764
MoE LoRA,8230,0.16861200,0.05710316
MoE LoRA,8240,0.11452800,0.05861928
MoE LoRA,8250,0.04445100,0.05559508
MoE LoRA,8260,0.02335500,0.05117304
MoE LoRA,8270,0.01709000,0.05123896
MoE LoRA,8280,0.09492400,0.05498764
MoE LoRA,8290,0.04524600,0.05558072
MoE LoRA,8300,0.12496600,0.05716564
MoE LoRA,8310,0.24419100,0.06397572
MoE LoRA,8320,0.13553500,0.06904160
MoE LoRA,8330,0.11460600,0.07182964
MoE LoRA,8340,0.09465400,0.07514024
MoE LoRA,8350,0.00541600,0.07460060
MoE LoRA,8360,0.09643800,0.07765996
MoE LoRA,8370,0.01962700,0.07830548
MoE LoRA,8380,0.07681700,0.08032916
MoE LoRA,8390,0.11907700,0.08081352
MoE LoRA,8400,0.10666000,0.08500168
MoE LoRA,8410,0.11753100,0.08388044
MoE LoRA,8420,0.00581300,0.08340884
MoE LoRA,8430,0.00323200,0.08041756
MoE LoRA,8440,0.04941900,0.08063892
MoE LoRA,8450,0.00413400,0.07892508
MoE LoRA,8460,0.07156200,0.08172048
MoE LoRA,8470,0.08420000,0.07928336
MoE LoRA,8480,0.08718900,0.07602644
MoE LoRA,8490,0.07619100,0.07449296
MoE LoRA,8500,0.06087000,0.07514972
MoE LoRA,8510,0.05768100,0.07652276
MoE LoRA,8520,0.01287900,0.07635432
MoE LoRA,8530,0.00749000,0.07285696
MoE LoRA,8540,0.04242500,0.07274412
MoE LoRA,8550,0.06366300,0.07029200
MoE LoRA,8560,0.13923400,0.06609372
MoE LoRA,8570,0.06869300,0.06342004
MoE LoRA,8580,0.13466100,0.06422224
MoE LoRA,8590,0.17807400,0.06755904
MoE LoRA,8600,0.05922600,0.06971144
MoE LoRA,8610,0.00614300,0.06609964
MoE LoRA,8620,0.18508700,0.07271804
MoE LoRA,8630,0.02601600,0.07068600
MoE LoRA,8640,0.19219000,0.07361052
MoE LoRA,8650,0.08195300,0.07262224
MoE LoRA,8660,0.00400300,0.06808112
MoE LoRA,8670,0.01193300,0.06832592
MoE LoRA,8680,0.01163700,0.06866212
MoE LoRA,8690,0.19186400,0.07435992
MoE LoRA,8700,0.13771800,0.07970328
MoE LoRA,8710,0.19263500,0.08454620
MoE LoRA,8720,0.10094600,0.08521604
MoE LoRA,8730,0.01711700,0.08241316
MoE LoRA,8740,0.04402500,0.08112652
MoE LoRA,8750,0.00458700,0.07887520
MoE LoRA,8760,0.01775800,0.07727828
MoE LoRA,8770,0.05199100,0.07884276
MoE LoRA,8780,0.15016300,0.08454968
MoE LoRA,8790,0.06551900,0.08547344
MoE LoRA,8800,0.09688200,0.08680220
